name,id
Robin Williams,8844
Robert De Niro,949
Danny Trejo,949
Frank Welker,21032
Robert De Niro,524
Bruce Willis,5
Nicolas Cage,451
Bruce Willis,63
Christopher Plummer,63
Susan Sarandon,687
James Earl Jones,34615
Keith David,11443
Morgan Freeman,807
Frank Welker,10530
Malcolm McDowell,124057
Keith David,17182
Harvey Keitel,755
Danny Trejo,755
Alec Baldwin,9623
Christopher Lloyd,400
Steve Buscemi,400
Christopher Walken,400
Christopher Walken,2086
Brian Cox,197
Robert De Niro,103
Harvey Keitel,103
Jackie Chan,33542
Liam Neeson,43566
John Goodman,110972
Harry Dean Stanton,9101
Robin Williams,11000
Liam Neeson,11780
John Hurt,11780
Brian Cox,11780
Christopher Walken,34996
Harvey Keitel,5894
Keith David,5894
Harvey Keitel,20649
John Turturro,20649
Keith David,20649
Steve Buscemi,8068
Danny Trejo,8068
Bruce Willis,1572
Samuel L. Jackson,1572
M. Emmet Walsh,9073
Max von Sydow,9482
Steve Buscemi,9071
Whoopi Goldberg,68274
Robin Williams,11472
Christopher Walken,11980
Robert Duvall,10533
Harvey Keitel,10149
Robert Duvall,18402
Frank Welker,9348
Robert Duvall,139408
John Leguizamo,9090
Robin Williams,9090
John Turturro,52856
Anthony Quinn,9560
Dennis Hopper,9804
John Hurt,65796
Steve Buscemi,11017
Whoopi Goldberg,9382
Donald Sutherland,8984
Christopher Plummer,11929
Frank Welker,15789
Samuel L. Jackson,21183
M. Emmet Walsh,72031
James Earl Jones,87729
Samuel L. Jackson,6071
Nicolas Cage,6071
James Earl Jones,11
Susan Sarandon,9587
Danny Trejo,32325
Samuel L. Jackson,28313
Robert De Niro,3036
Malcolm McDowell,8986
Bruce Willis,11593
Liam Neeson,1945
Morgan Freeman,6950
Donald Sutherland,6950
John Leguizamo,2307
Samuel L. Jackson,680
Bruce Willis,680
Harvey Keitel,680
Christopher Walken,680
Steve Buscemi,680
M. Emmet Walsh,41478
John Turturro,11450
Keith David,12106
Christopher Lloyd,36357
M. Emmet Walsh,92769
Eric Roberts,2636
Morgan Freeman,278
Malcolm McDowell,9067
Malcolm McDowell,193
Whoopi Goldberg,193
Willem Dafoe,46797
Willem Dafoe,9331
James Earl Jones,9331
Susan Sarandon,10731
Whoopi Goldberg,10464
John Goodman,888
Nicolas Cage,10660
James Earl Jones,8587
Whoopi Goldberg,8587
Frank Welker,8587
Danny Glover,9359
James Earl Jones,36593
James Earl Jones,36593
Robert Duvall,12280
Keith David,2788
Nicolas Cage,10427
Dennis Hopper,10427
Susan Sarandon,49803
Dennis Hopper,1637
Christopher Plummer,10395
Gérard Depardieu,41580
Christopher Lloyd,2758
Steve Buscemi,13595
Robin Williams,46924
John Turturro,46924
Robert De Niro,1607
John Leguizamo,6075
James Earl Jones,18658
Bruce Willis,2124
Harvey Keitel,49299
John Hurt,34444
John Turturro,10443
Samuel L. Jackson,13815
Robert Duvall,35588
Alec Baldwin,2087
Steve Buscemi,11934
John Goodman,11934
Samuel L. Jackson,329
Anthony Quinn,9593
Whoopi Goldberg,12121
Alec Baldwin,2246
Samuel L. Jackson,9516
John Leguizamo,2320
Robin Williams,788
Samuel L. Jackson,41588
Bruce Willis,31586
Harvey Keitel,713
Donald Sutherland,25557
Keith David,25557
Christopher Lloyd,22588
Harvey Keitel,7007
Steve Buscemi,7007
Danny Glover,56583
Liam Neeson,424
John Hurt,103413
Alec Baldwin,8850
Donald Sutherland,23210
M. Emmet Walsh,78
Bruce Willis,11074
John Leguizamo,9607
Dennis Hopper,9607
Dennis Hopper,319
Christopher Walken,319
Samuel L. Jackson,319
Christopher Lloyd,15139
Whoopi Goldberg,15139
Frank Welker,15139
Gérard Depardieu,51980
Dennis Hopper,24405
Whoopi Goldberg,11800
Stellan Skarsgård,41653
Whoopi Goldberg,10897
Susan Sarandon,32562
Whoopi Goldberg,32562
Whoopi Goldberg,251
Robin Williams,812
Frank Welker,812
Frank Welker,10020
Steve Buscemi,275
Donald Sutherland,88893
Dennis Hopper,36447
Whoopi Goldberg,36259
Robert Duvall,41852
James Earl Jones,41852
John Turturro,61752
Morgan Freeman,18989
Whoopi Goldberg,11107
Susan Sarandon,10539
Eric Roberts,33245
Danny Glover,27281
John Hurt,922
Gérard Depardieu,11876
Samuel L. Jackson,20759
Alec Baldwin,36915
Eric Roberts,36915
Nicolas Cage,9802
Gérard Depardieu,47119
Christopher Lee,16299
Keenan Wynn,935
James Earl Jones,935
Robin Williams,7095
Vincent Price,41225
Robert De Niro,9566
John Leguizamo,9566
Frank Welker,10545
Eric Roberts,9894
Harvey Keitel,44535
Anthony Quinn,44535
Steve Buscemi,44535
Robert Duvall,9294
Samuel L. Jackson,1645
Donald Sutherland,1645
M. Emmet Walsh,1645
Keith David,34170
Eric Roberts,109478
Morgan Freeman,12123
Brian Cox,12123
Whoopi Goldberg,9431
Steve Buscemi,10061
Dennis Hopper,549
Christopher Walken,549
Willem Dafoe,549
Robert Duvall,238
Jackie Chan,11134
Steve Buscemi,22479
Danny Glover,9054
Jackie Chan,38955
Whoopi Goldberg,3587
Gérard Depardieu,3587
Frank Welker,19004
Donald Pleasence,10987
John Goodman,20318
Bess Flowers,872
Bess Flowers,13320
Bess Flowers,426
Bess Flowers,567
Ward Bond,3078
Irving Bacon,3078
Bess Flowers,3078
Bess Flowers,213
Ward Bond,963
Ward Bond,770
Irving Bacon,770
Bess Flowers,705
Bess Flowers,303
Bess Flowers,381
Bess Flowers,29376
Bess Flowers,1859
Vincent Price,1939
Bess Flowers,1939
Dennis Hopper,1712
Irving Bacon,3085
John Carradine,2897
Bess Flowers,2897
Ward Bond,1585
Charles Lane,1585
Charles Lane,3083
Ward Bond,900
Ward Bond,26378
Irving Bacon,26378
John Wayne,22356
Irving Bacon,32574
John Turturro,58985
Liam Neeson,1770
Bruce Willis,9333
Christopher Walken,9333
Brian Cox,9625
Donald Pleasence,14821
Keenan Wynn,10869
Frank Welker,6878
Danny Glover,24795
Christopher Lloyd,24795
Morgan Freeman,8367
Christopher Plummer,15121
Bruce Willis,562
Gérard Depardieu,48862
Gérard Depardieu,47199
Robin Williams,47199
Samuel L. Jackson,11412
Brian Cox,11412
Alec Baldwin,42314
James Earl Jones,42314
Steve Buscemi,27845
Samuel L. Jackson,27845
Donald Sutherland,38153
John Leguizamo,454
Robert De Niro,819
Keith David,56830
Robin Williams,11238
Frank Welker,11238
Keenan Wynn,11575
Bess Flowers,521
Harvey Keitel,500
Steve Buscemi,500
Willem Dafoe,792
Keith David,792
Alec Baldwin,9504
Steve Buscemi,67365
Samuel L. Jackson,67365
John Turturro,67365
Robert Duvall,2119
Eric Roberts,136311
Dennis Hopper,221
Whoopi Goldberg,11112
Christopher Walken,21612
Christopher Plummer,11843
Donald Pleasence,1103
Harry Dean Stanton,1103
John Carradine,11298
Gérard Depardieu,4480
Harry Dean Stanton,10765
Gérard Depardieu,4483
Irving Bacon,218713
Susan Sarandon,10608
Willem Dafoe,409
Christopher Lloyd,510
James Earl Jones,1891
Frank Welker,85
Robert De Niro,68
Anthony Quinn,947
Malcolm McDowell,185
Robert Duvall,595
Robert Duvall,28
Dennis Hopper,28
Keenan Wynn,335
James Earl Jones,1892
Robert De Niro,769
Samuel L. Jackson,769
Harry Dean Stanton,348
John Hurt,348
Robert Duvall,240
Robert De Niro,240
Harry Dean Stanton,240
John Wayne,3109
Ward Bond,3109
Robert De Niro,311
Robert De Niro,1578
John Turturro,1578
Christopher Walken,703
Max von Sydow,490
Morgan Freeman,9665
John Turturro,379
Steve Buscemi,379
Robin Williams,207
Keenan Wynn,1480
Bess Flowers,828
Donald Pleasence,5925
Robert De Niro,11778
Christopher Walken,11778
Morgan Freeman,33
Bess Flowers,982
Charles Lane,212
Christopher Lloyd,105
Harry Dean Stanton,903
Dennis Hopper,903
Gérard Depardieu,11673
Christopher Plummer,16633
Stellan Skarsgård,10644
James Earl Jones,2323
Michael Caine,983
Christopher Plummer,983
Harry Dean Stanton,655
Max von Sydow,10341
John Carradine,229
Bess Flowers,229
Robert De Niro,1598
Malcolm McDowell,6217
Christopher Plummer,28198
Donald Pleasence,28198
Michael Caine,31640
M. Emmet Walsh,8744
Stellan Skarsgård,145
Robert Duvall,12498
Stellan Skarsgård,85589
Bruce Willis,1573
John Leguizamo,1573
Christopher Plummer,174
Christopher Lloyd,157
Christopher Walken,364
Keith David,10173
Danny Trejo,10173
Nicolas Cage,378
John Goodman,378
M. Emmet Walsh,378
James Earl Jones,2322
Robert De Niro,9819
Alec Baldwin,31908
Whoopi Goldberg,31908
Bruce Willis,3179
Robin Williams,10549
Gérard Depardieu,10549
Jackie Chan,9404
Gérard Depardieu,197537
Samuel L. Jackson,31000
Nicolas Cage,31000
John Leguizamo,17949
Christopher Walken,61563
Harvey Keitel,18420
Danny Trejo,9360
Frank Welker,9360
John Leguizamo,102878
Keith David,10357
Robin Williams,12499
Bruce Willis,18
Nicolas Cage,1701
Steve Buscemi,1701
Danny Trejo,1701
Willem Dafoe,1639
Harvey Keitel,11103
Keith David,11970
M. Emmet Walsh,8874
Nicolas Cage,754
Danny Glover,38225
John Hurt,686
James Earl Jones,9387
Max von Sydow,9387
Harvey Keitel,2142
Robert De Niro,2142
John Leguizamo,10336
Frank Welker,10336
Brian Cox,9458
Harry Dean Stanton,38295
Christopher Walken,26180
Samuel L. Jackson,6072
Alec Baldwin,1669
James Earl Jones,1669
Stellan Skarsgård,1669
Whoopi Goldberg,10806
Alec Baldwin,9433
Morgan Freeman,9437
Brian Cox,9437
Harry Dean Stanton,14289
Donald Sutherland,18355
Harvey Keitel,29911
Samuel L. Jackson,45153
Danny Glover,10871
James Earl Jones,14398
Malcolm McDowell,32332
Danny Glover,11975
Danny Glover,9281
M. Emmet Walsh,31535
Bruce Willis,4824
Christopher Lloyd,9444
Morgan Freeman,11831
Stellan Skarsgård,11831
Robert Duvall,2895
Robin Williams,2639
Robin Williams,9574
Robin Williams,489
Stellan Skarsgård,489
Christopher Walken,6283
Samuel L. Jackson,184
Robert De Niro,184
Malcolm McDowell,9438
John Goodman,115
Steve Buscemi,115
John Turturro,115
Robert De Niro,9410
Robert De Niro,586
Morgan Freeman,11258
John Goodman,9411
Donald Sutherland,9411
Christopher Walken,9033
Eric Roberts,9033
Danny Trejo,11702
John Goodman,11568
Steve Buscemi,11003
Samuel L. Jackson,10153
Christopher Walken,9558
Steve Buscemi,9558
Susan Sarandon,26269
M. Emmet Walsh,26269
John Hurt,47452
Liam Neeson,21736
Christopher Walken,10668
Gérard Depardieu,9313
Dennis Hopper,40688
Bruce Willis,8838
Alec Baldwin,8838
Nicolas Cage,795
John Turturro,9469
Robert Duvall,12488
John Goodman,9449
Jackie Chan,78149
Whoopi Goldberg,78149
Christopher Lloyd,29825
Steve Buscemi,29825
Jackie Chan,10622
Liam Neeson,4415
Robert Duvall,8656
Morgan Freeman,8656
Frank Welker,18937
Harry Dean Stanton,1878
Stellan Skarsgård,26610
Danny Trejo,6068
Frank Welker,10674
Jackie Chan,10674
Samuel L. Jackson,1389
Bruce Willis,95
Steve Buscemi,95
Keith David,95
Danny Glover,944
Keith David,544
Charles Lane,34106
Irving Bacon,34106
Ward Bond,34106
Christopher Lee,23383
John Hurt,874
M. Emmet Walsh,3116
Donald Sutherland,16619
M. Emmet Walsh,16619
Morgan Freeman,403
Donald Sutherland,466
Harry Dean Stanton,13820
Donald Pleasence,948
Donald Pleasence,11281
Donald Pleasence,11357
Donald Pleasence,11361
Max von Sydow,9552
Max von Sydow,11586
James Earl Jones,11586
Samuel L. Jackson,11587
Danny Glover,941
Danny Glover,942
Danny Glover,943
Christopher Lee,928
Frank Welker,928
Christopher Lloyd,165
Christopher Lloyd,196
Keenan Wynn,17984
Bess Flowers,17984
Bess Flowers,32611
Max von Sydow,841
Willem Dafoe,11051
Harvey Keitel,11051
Harry Dean Stanton,11051
John Hurt,10957
Frank Welker,29228
Charles Lane,24816
Vincent Price,9994
Samuel L. Jackson,9631
Harvey Keitel,36606
Robert Duvall,42121
Dennis Hopper,793
Michael Caine,10437
Robert Duvall,15300
Harry Dean Stanton,13380
Robin Williams,11335
Frank Welker,11135
Christopher Lee,14822
Frank Welker,15969
Keenan Wynn,15943
Keenan Wynn,19762
M. Emmet Walsh,6471
Vincent Price,9442
Danny Glover,13697
John Hurt,123
John Hurt,9314
Christopher Walken,11336
Max von Sydow,10657
Christopher Lloyd,2907
Nicolas Cage,8688
Susan Sarandon,23954
John Hurt,11837
John Carradine,11704
Christopher Plummer,4978
Harry Dean Stanton,11522
Whoopi Goldberg,33644
Danny Glover,33644
Alec Baldwin,4011
Harry Dean Stanton,22527
Robert De Niro,117
John Goodman,14577
Irving Bacon,21734
John Turturro,10220
Donald Sutherland,22256
M. Emmet Walsh,84116
Alec Baldwin,3525
Harry Dean Stanton,129628
Keith David,129628
Alec Baldwin,2321
Robin Williams,11597
Harry Dean Stanton,47947
Michael Caine,14347
Robert De Niro,5971
Bruce Willis,30815
Harvey Keitel,30815
Jackie Chan,2109
Robert De Niro,8195
Stellan Skarsgård,8195
Malcolm McDowell,14794
Keith David,1091
Whoopi Goldberg,10403
Malcolm McDowell,10403
Susan Sarandon,10403
Bruce Willis,10403
Vincent Price,162
Harvey Keitel,73351
Danny Glover,8916
Christopher Walken,8916
Steve Buscemi,28134
Steve Buscemi,28134
Robin Williams,12159
Max von Sydow,12159
Donald Pleasence,43106
John Hurt,10156
Keenan Wynn,3121
Harry Dean Stanton,9821
John Hurt,1955
Danny Glover,39437
Steve Buscemi,20701
Bruce Willis,9882
Eric Roberts,11893
Danny Trejo,11893
Eric Roberts,32081
M. Emmet Walsh,32081
Michael Caine,10002
Whoopi Goldberg,14444
Stellan Skarsgård,2042
John Turturro,8130
M. Emmet Walsh,9749
John Turturro,13698
Christopher Walken,707
Michael Caine,8545
Danny Glover,9837
Brian Cox,11545
Christopher Lloyd,15196
M. Emmet Walsh,15596
Bess Flowers,39314
Charles Lane,39314
Robin Williams,10312
Susan Sarandon,9441
Robert Duvall,9422
Willem Dafoe,31662
Donald Sutherland,9423
Vincent Price,11815
Bess Flowers,11815
Dennis Hopper,16337
Robert Duvall,274253
Whoopi Goldberg,10945
Nicolas Cage,10013
James Earl Jones,12278
John Turturro,11873
Christopher Walken,11622
Christopher Lloyd,9849
Nicolas Cage,8224
Bruce Willis,12479
Harry Dean Stanton,8769
Vincent Price,15856
Christopher Lee,7227
M. Emmet Walsh,7227
M. Emmet Walsh,1687
Michael Caine,31638
Robert De Niro,9535
Brian Cox,9455
Whoopi Goldberg,30943
Christopher Lloyd,22345
Dennis Hopper,11374
James Franco,11355
Jackie Chan,18764
Willem Dafoe,1946
Harvey Keitel,4154
Bess Flowers,3309
Dennis Hopper,18252
Liam Neeson,1893
Samuel L. Jackson,1893
John Leguizamo,95627
Christopher Lee,18990
John Carradine,29243
Bess Flowers,29243
John Carradine,30793
John Carradine,3103
Ward Bond,3077
Christopher Lee,3079
Christopher Lee,29794
Susan Sarandon,36685
Harry Dean Stanton,37305
Alec Baldwin,509
Donald Sutherland,12117
Samuel L. Jackson,14283
Whoopi Goldberg,68426
Robin Williams,68426
Steve Buscemi,9032
Stellan Skarsgård,55955
John Goodman,6488
M. Emmet Walsh,8487
John Leguizamo,10279
John Turturro,10279
Malcolm McDowell,48958
Max von Sydow,2978
Liam Neeson,11618
Samuel L. Jackson,8914
Stellan Skarsgård,8914
Frank Welker,8914
Steve Buscemi,21185
Whoopi Goldberg,873
Danny Glover,873
Gérard Depardieu,3934
Robert De Niro,11416
Liam Neeson,11416
James Earl Jones,9710
John Hurt,24081
M. Emmet Walsh,10386
Bruce Willis,745
John Turturro,91076
Christopher Walken,91076
Susan Sarandon,91076
Harry Dean Stanton,48781
Vincent Price,29056
Vincent Price,26857
Vincent Price,28501
Vincent Price,29030
Vincent Price,25319
Vincent Price,29074
Dennis Hopper,51679
John Turturro,51679
Vincent Price,35813
Max von Sydow,11963
Alec Baldwin,14578
Brian Cox,21719
Brian Cox,10390
Malcolm McDowell,9453
Liam Neeson,11527
Harvey Keitel,42848
Willem Dafoe,42848
James Earl Jones,1049
Jackie Chan,10975
Jackie Chan,10974
Robin Williams,2290
Christopher Walken,21430
Willem Dafoe,21430
Dennis Hopper,4929
Jackie Chan,11230
M. Emmet Walsh,18254
Donald Sutherland,1654
Samuel L. Jackson,8052
Bruce Willis,12220
John Leguizamo,53151
Harry Dean Stanton,404
Nicolas Cage,8649
John Goodman,8649
Michael Caine,15247
Christopher Lloyd,856
Frank Welker,856
Christopher Plummer,9008
Robert Duvall,37094
Keenan Wynn,24831
John Hurt,957
John Hurt,957
Ward Bond,37853
M. Emmet Walsh,11040
Robin Williams,11498
Susan Sarandon,21349
Irving Bacon,13485
John Wayne,9289
Bruce Willis,24226
Christopher Lloyd,11379
Nicolas Cage,2039
Christopher Walken,2668
Christopher Lee,2668
James Earl Jones,24276
John Carradine,596
Ward Bond,596
Irving Bacon,596
Bess Flowers,52470
Robert Duvall,11393
Robert De Niro,36094
Robert De Niro,9013
Robert De Niro,11005
Robin Williams,11005
Max von Sydow,11005
Robert De Niro,2924
Donald Sutherland,2924
Robin Williams,177
Danny Glover,13681
Robert De Niro,31582
Ward Bond,1718
Harvey Keitel,13787
Bruce Willis,9586
Morgan Freeman,9586
Robert Duvall,21887
Dennis Hopper,5652
Harvey Keitel,32669
John Turturro,32274
Susan Sarandon,32274
Harry Dean Stanton,497
Michael Caine,1715
Robin Williams,2277
James Earl Jones,49948
Dennis Hopper,22213
Dennis Hopper,624
Anthony Quinn,43194
Christopher Lloyd,1850
Max von Sydow,10219
Whoopi Goldberg,3558
Samuel L. Jackson,9644
Whoopi Goldberg,9644
Bruce Willis,9644
Nicolas Cage,13342
Robert De Niro,21256
Max von Sydow,75641
Malcolm McDowell,75641
John Leguizamo,47620
Dennis Hopper,38775
Christopher Plummer,1883
Whoopi Goldberg,2005
Harvey Keitel,2005
Whoopi Goldberg,6279
Christopher Walken,8873
Samuel L. Jackson,9869
James Earl Jones,9869
Bruce Willis,9374
Harry Dean Stanton,1923
Donald Sutherland,10206
Harvey Keitel,12143
Willem Dafoe,8374
Liam Neeson,29076
M. Emmet Walsh,27841
Keith David,2787
Bruce Willis,2069
Harvey Keitel,14839
John Carradine,42186
John Turturro,25010
Danny Trejo,2155
John Goodman,10416
Nicolas Cage,11296
Max von Sydow,72086
Bess Flowers,149687
Dennis Hopper,5693
Susan Sarandon,287
John Wayne,3114
Ward Bond,3114
Donald Sutherland,820
M. Emmet Walsh,8989
Robert Duvall,32031
Bruce Willis,918
John Goodman,18890
M. Emmet Walsh,24575
Christopher Lee,23928
Christopher Lee,11570
Susan Sarandon,1541
Harvey Keitel,1541
Donald Sutherland,8469
Samuel L. Jackson,36739
John Turturro,925
Samuel L. Jackson,925
John Turturro,41823
Samuel L. Jackson,41823
John Turturro,1713
Anthony Quinn,1713
Samuel L. Jackson,1713
Danny Trejo,26263
Bess Flowers,996
Frank Welker,1497
Harry Dean Stanton,1880
Robin Williams,801
Liam Neeson,104301
James Franco,16222
John Carradine,99008
Christopher Lee,39890
M. Emmet Walsh,26689
Frank Welker,10501
John Wayne,6644
Robin Williams,879
Christopher Lee,32613
John Wayne,17529
Dennis Hopper,17529
Robert Duvall,17529
Donald Sutherland,1793
John Hurt,11327
Charles Lane,34322
Robert Duvall,10774
Samuel L. Jackson,10479
Susan Sarandon,125709
Steve Buscemi,11305
Christopher Lloyd,11027
Steve Buscemi,10468
Willem Dafoe,1359
Stellan Skarsgård,19214
Robin Williams,26291
Bess Flowers,4825
Susan Sarandon,11654
Willem Dafoe,11654
Harvey Keitel,3536
Keith David,10564
Stellan Skarsgård,36234
Danny Trejo,12476
Christopher Lloyd,13105
Bess Flowers,18228
Bess Flowers,18642
Nicolas Cage,12518
Jackie Chan,8584
John Wayne,29372
Irving Bacon,30588
Christopher Lee,682
Bess Flowers,28974
John Wayne,40685
John Wayne,22994
John Wayne,40639
Anthony Quinn,10911
Bess Flowers,13368
M. Emmet Walsh,11368
Danny Glover,169
Robert De Niro,635
Whoopi Goldberg,35936
Whoopi Goldberg,25562
Whoopi Goldberg,51763
Whoopi Goldberg,73079
Whoopi Goldberg,38921
John Goodman,38921
Whoopi Goldberg,35463
Nicolas Cage,9679
Robert Duvall,9679
Robert Duvall,592
M. Emmet Walsh,9040
Samuel L. Jackson,479
John Leguizamo,7450
Dennis Hopper,25636
Robert De Niro,17711
John Goodman,17711
Whoopi Goldberg,17711
Christopher Walken,28774
Donald Sutherland,11598
M. Emmet Walsh,15379
Keith David,27352
Max von Sydow,24099
Christopher Plummer,24099
Whoopi Goldberg,16096
Bruce Willis,4244
Keenan Wynn,18118
Willem Dafoe,19380
Samuel L. Jackson,19380
M. Emmet Walsh,19380
John Carradine,11624
Alec Baldwin,16110
John Goodman,6282
Donald Sutherland,5551
Brian Cox,43079
Donald Sutherland,11589
Harry Dean Stanton,11589
Christopher Walken,45905
Christopher Lee,39891
Donald Sutherland,11398
Morgan Freeman,10480
Morgan Freeman,10562
Harvey Keitel,201724
Stellan Skarsgård,16
Willem Dafoe,10434
Vincent Price,26484
Keenan Wynn,39113
Vincent Price,38126
Donald Pleasence,2161
Vincent Price,3073
John Carradine,10787
Michael Caine,10461
Michael Caine,1485
Robert De Niro,1597
Keith David,641
John Hurt,10383
Jackie Chan,12207
Harvey Keitel,9678
Robert De Niro,11978
Michael Caine,11372
Donald Sutherland,11372
Robert Duvall,11372
Donald Pleasence,11372
Robert Duvall,8452
Susan Sarandon,16340
Gérard Depardieu,10481
Michael Caine,10876
Bruce Willis,9741
Samuel L. Jackson,9741
Liam Neeson,2669
Alec Baldwin,12714
Frank Welker,1857
Willem Dafoe,2604
Alec Baldwin,10132
John Goodman,40820
John Goodman,11688
Nicolas Cage,5994
Michael Caine,1493
John Turturro,134
John Goodman,134
Alec Baldwin,21991
Christopher Plummer,10577
Willem Dafoe,10873
John Wayne,11209
Christopher Walken,13715
Harvey Keitel,75490
Harry Dean Stanton,42261
Donald Sutherland,20637
Harry Dean Stanton,5955
Christopher Lloyd,125498
Alec Baldwin,2613
John Goodman,11028
Samuel L. Jackson,17159
John Turturro,71881
Michael Caine,4918
James Earl Jones,28368
Keith David,14464
Michael Caine,580
M. Emmet Walsh,34379
Stellan Skarsgård,47588
Gérard Depardieu,7093
John Turturro,44412
John Turturro,23685
Whoopi Goldberg,23685
Samuel L. Jackson,25208
Robert De Niro,2749
Max von Sydow,2428
Donald Pleasence,2428
John Wayne,2428
Michael Caine,15598
Vincent Price,17965
M. Emmet Walsh,31004
Brian Cox,11454
John Goodman,14052
Dennis Hopper,21309
John Goodman,23730
Danny Trejo,10054
Morgan Freeman,2043
Malcolm McDowell,56715
Christopher Walken,10956
John Turturro,52654
John Goodman,2144
Liam Neeson,849
Robin Williams,11307
Dennis Hopper,32924
Vincent Price,32924
John Turturro,32924
Max von Sydow,11174
Frank Welker,808
John Leguizamo,824
Alec Baldwin,676
John Turturro,29572
Harry Dean Stanton,29572
Harvey Keitel,42233
Christopher Lloyd,13554
John Wayne,17664
John Carradine,66035
Willem Dafoe,1632
John Wayne,301
Ward Bond,301
Liam Neeson,12623
Harry Dean Stanton,11090
John Leguizamo,14034
Bess Flowers,759
Michael Caine,31935
Willem Dafoe,52616
Robin Williams,644
Gérard Depardieu,11444
Alec Baldwin,10992
Susan Sarandon,10992
Alec Baldwin,8217
Jackie Chan,11286
Jackie Chan,11950
John Wayne,15875
Vincent Price,26573
Vincent Price,23439
John Wayne,11697
John Carradine,11697
Donald Pleasence,19200
John Wayne,16211
Dennis Hopper,16211
Bess Flowers,32569
Michael Caine,28430
Dennis Hopper,25690
Bess Flowers,976
Jackie Chan,11713
Donald Sutherland,2114
Alec Baldwin,2114
Steve Buscemi,2114
Keith David,2114
Robert De Niro,11371
James Earl Jones,13794
Robin Williams,14506
Danny Glover,14911
Christopher Walken,19382
Keith David,24679
Morgan Freeman,14441
Robert Duvall,10126
James Earl Jones,9602
Samuel L. Jackson,9602
M. Emmet Walsh,3980
Vincent Price,40095
Liam Neeson,10651
Michael Caine,10141
John Goodman,34053
Liam Neeson,21362
Christopher Walken,13482
Willem Dafoe,38617
Keith David,38617
Liam Neeson,17126
Bruce Willis,38560
Malcolm McDowell,38560
M. Emmet Walsh,38560
Susan Sarandon,50203
Whoopi Goldberg,91445
Keith David,8337
Christopher Lloyd,41974
Michael Caine,12582
John Goodman,11352
Keith David,11352
Eric Roberts,32049
John Leguizamo,10142
Harry Dean Stanton,15142
Christopher Lloyd,14550
Donald Sutherland,32075
Susan Sarandon,32075
Alec Baldwin,11465
Steve Buscemi,55059
Whoopi Goldberg,46786
Bruce Willis,32855
Robert De Niro,39787
Susan Sarandon,32059
Harvey Keitel,32059
Morgan Freeman,505
Morgan Freeman,14621
Donald Sutherland,9972
Danny Trejo,9972
Bruce Willis,9494
Steve Buscemi,9686
Liam Neeson,27418
M. Emmet Walsh,12663
Christopher Walken,11467
Steve Buscemi,1548
Christopher Lee,41946
Keith David,10135
Eric Roberts,24254
John Hurt,32261
John Goodman,12150
Samuel L. Jackson,12150
Steve Buscemi,49788
James Earl Jones,31608
Nicolas Cage,7091
Nicolas Cage,2148
Jackie Chan,5175
John Wayne,11385
John Wayne,12584
John Carradine,12584
Harvey Keitel,33214
Jackie Chan,19267
Nicolas Cage,1722
John Hurt,1722
Whoopi Goldberg,9896
Stellan Skarsgård,26665
Danny Trejo,9683
Christopher Lee,16307
Brian Cox,18734
Stellan Skarsgård,2176
Liam Neeson,32567
Keenan Wynn,33725
Charles Lane,11576
Bess Flowers,248
Dennis Hopper,40885
M. Emmet Walsh,12502
John Carradine,40220
Morgan Freeman,1623
M. Emmet Walsh,1623
Gérard Depardieu,1716
Christopher Walken,20681
Bruce Willis,3172
John Goodman,25641
John Wayne,27396
Steve Buscemi,11456
John Goodman,585
Steve Buscemi,585
John Leguizamo,140511
John Hurt,671
Keith David,20794
Anthony Quinn,23847
Donald Pleasence,27405
Bess Flowers,32847
Anthony Quinn,43510
Michael Caine,34388
Michael Caine,11033
Samuel L. Jackson,37835
Bruce Willis,28614
Max von Sydow,3604
Christopher Lee,42566
John Turturro,31945
Christopher Walken,19076
Brian Cox,19076
Robin Williams,23111
Danny Glover,9428
Alec Baldwin,9428
Michael Caine,35201
Frank Welker,12589
Christopher Lee,120
Christopher Plummer,453
Bess Flowers,37257
John Goodman,77985
Michael Caine,26686
Ward Bond,61934
James Earl Jones,27273
M. Emmet Walsh,11888
Christopher Walken,15050
Donald Sutherland,651
Robert Duvall,651
John Goodman,16550
Robert De Niro,52744
Harvey Keitel,52744
Gérard Depardieu,4267
Gérard Depardieu,4031
Anthony Quinn,11594
John Turturro,9884
John Leguizamo,9884
Christopher Walken,27593
John Carradine,32484
James Earl Jones,11528
Donald Sutherland,931
Bruce Willis,10592
Robert Duvall,8470
Brian Cox,39939
Michael Caine,14778
Bess Flowers,32499
John Wayne,8737
Michael Caine,993
Max von Sydow,614
Malcolm McDowell,115332
Robin Williams,13225
Keenan Wynn,18646
Bess Flowers,18646
John Hurt,31651
Brian Cox,47869
Christopher Walken,10935
John Hurt,10935
Willem Dafoe,10935
Michael Caine,7988
Anthony Quinn,26843
Gérard Depardieu,39543
Vincent Price,39578
Donald Pleasence,39578
John Carradine,39578
Harvey Keitel,3418
Harry Dean Stanton,3418
Max von Sydow,3418
Donald Pleasence,24032
John Leguizamo,425
Robert De Niro,5851
Anthony Quinn,24248
Anthony Quinn,14605
Anthony Quinn,31805
Anthony Quinn,13861
Christopher Lee,41034
Jackie Chan,11563
Robin Williams,9275
Brian Cox,14635
John Carradine,22784
John Goodman,5678
Morgan Freeman,11560
Christopher Plummer,35944
M. Emmet Walsh,11590
Samuel L. Jackson,1537
Robert Duvall,31671
Danny Trejo,11468
James Franco,292917
Robin Williams,10164
Eric Roberts,42048
Liam Neeson,28384
Susan Sarandon,46691
Willem Dafoe,56179
James Franco,13201
Willem Dafoe,557
James Franco,557
Brian Cox,24767
Robert Duvall,32221
Robin Williams,28466
John Goodman,28466
Danny Trejo,20712
Christopher Lloyd,39771
Samuel L. Jackson,1894
Christopher Lee,1894
Christopher Lee,11791
Robin Williams,320
Gérard Depardieu,27834
John Turturro,17734
M. Emmet Walsh,44800
Anthony Quinn,53229
Morgan Freeman,4614
John Wayne,58455
Ward Bond,58455
Brian Cox,2501
Nicolas Cage,12100
Malcolm McDowell,10394
Christopher Lloyd,34130
Keith David,10169
John Wayne,13909
Max von Sydow,180
Christopher Lloyd,17710
John Turturro,2022
Steve Buscemi,2022
Liam Neeson,8665
Michael Caine,818
Christopher Walken,18357
Michael Caine,149445
Bess Flowers,43199
Steve Buscemi,9488
Danny Trejo,9488
Samuel L. Jackson,7451
Danny Trejo,7451
Robin Williams,9357
Michael Caine,46878
Malcolm McDowell,24750
John Carradine,31393
Robert De Niro,13536
James Franco,13536
Keith David,10611
Susan Sarandon,9685
Samuel L. Jackson,18913
Harvey Keitel,41582
John Carradine,50382
John Carradine,26680
Christopher Lloyd,11504
Susan Sarandon,9034
Jackie Chan,10771
Susan Sarandon,31005
Harvey Keitel,9533
Malcolm McDowell,38866
Gérard Depardieu,38866
Christopher Lloyd,33831
Christopher Lee,11868
Max von Sydow,12921
Donald Pleasence,77079
Dennis Hopper,12719
Dennis Hopper,7501
Samuel L. Jackson,1613
Brian Cox,565
Willem Dafoe,14112
Steve Buscemi,15192
Harvey Keitel,15192
Bruce Willis,12647
Steve Buscemi,12647
Keenan Wynn,19403
Christopher Lee,40064
Donald Pleasence,31278
Christopher Plummer,21294
Gérard Depardieu,19123
Donald Sutherland,10863
Christopher Plummer,31679
Morgan Freeman,31679
Gérard Depardieu,12579
Michael Caine,42149
Christopher Lloyd,38665
Christopher Walken,17450
Malcolm McDowell,8427
Steve Buscemi,52735
Christopher Plummer,16351
John Wayne,11617
Harvey Keitel,24909
Harvey Keitel,63435
Stellan Skarsgård,80849
Bess Flowers,1377
Gérard Depardieu,48524
Robert Duvall,45226
Eric Roberts,96966
Samuel L. Jackson,25566
Robert De Niro,32077
Robert Duvall,32077
Michael Caine,8198
Michael Caine,14433
Robert De Niro,9932
John Leguizamo,13369
Nicolas Cage,2757
Brian Cox,2757
Michael Caine,17360
Max von Sydow,17360
Donald Pleasence,40952
Keenan Wynn,45840
Harvey Keitel,22023
Malcolm McDowell,26639
M. Emmet Walsh,25297
Gérard Depardieu,4202
Michael Caine,17590
Whoopi Goldberg,201
Max von Sydow,10856
Christopher Lee,121
Brian Cox,1429
Liam Neeson,3131
Willem Dafoe,2149
Harvey Keitel,19067
John Wayne,25848
Alec Baldwin,14931
Michael Caine,25720
Christopher Walken,640
Christopher Plummer,29339
James Franco,28028
Harry Dean Stanton,28028
Nicolas Cage,28028
Vincent Price,41084
Danny Trejo,18773
Robert De Niro,262
Steve Buscemi,14390
Christopher Walken,10628
Eric Roberts,11078
Donald Sutherland,77633
Dennis Hopper,11222
James Earl Jones,55909
Bess Flowers,20663
Liam Neeson,61807
Christopher Plummer,34374
Donald Sutherland,34374
Stellan Skarsgård,24129
Dennis Hopper,70011
Christopher Lee,10150
Keenan Wynn,10150
Jackie Chan,16407
Harvey Keitel,42131
Harry Dean Stanton,41291
John Hurt,72340
Susan Sarandon,48249
Jackie Chan,6038
John Goodman,14873
Christopher Lloyd,12139
Liam Neeson,33851
Bess Flowers,22233
Robert Duvall,16072
Christopher Walken,14293
James Earl Jones,11244
Harry Dean Stanton,77233
Robin Williams,140071
Bruce Willis,9567
John Leguizamo,12079
Eric Roberts,12079
Harry Dean Stanton,27236
Robert De Niro,42459
John Goodman,44968
Irving Bacon,17729
Gérard Depardieu,12157
Morgan Freeman,6171
Bess Flowers,14675
Bess Flowers,29912
Stellan Skarsgård,28881
Samuel L. Jackson,10782
Keith David,9776
Robert Duvall,16425
John Wayne,40718
Donald Sutherland,203252
Morgan Freeman,21052
John Turturro,9506
M. Emmet Walsh,29355
Alec Baldwin,31633
Gérard Depardieu,20978
John Goodman,47329
Gérard Depardieu,31932
Stellan Skarsgård,31932
Brian Cox,36658
John Hurt,15394
Charles Lane,42792
Bess Flowers,42792
Dennis Hopper,22201
Keenan Wynn,34857
Morgan Freeman,310
Willem Dafoe,12
Donald Sutherland,9654
Keenan Wynn,32140
John Wayne,21717
John Wayne,26593
Harvey Keitel,29514
John Wayne,40683
Ward Bond,40683
Bess Flowers,40683
Robert De Niro,8092
John Turturro,290
John Goodman,290
Steve Buscemi,290
Michael Caine,11463
Christopher Plummer,11463
John Wayne,42640
Ward Bond,42640
John Wayne,30462
John Wayne,6523
John Wayne,18972
Steve Buscemi,53380
John Wayne,30708
John Wayne,38765
Michael Caine,36372
John Turturro,30529
Vincent Price,43516
Christopher Plummer,48864
Keith David,11375
Bruce Willis,20694
Christopher Lee,35669
Bruce Willis,9471
Steve Buscemi,44562
Ward Bond,18569
Irving Bacon,18569
Ward Bond,52758
John Goodman,61225
Danny Glover,18886
Willem Dafoe,18886
Donald Sutherland,19753
Donald Pleasence,70912
M. Emmet Walsh,6949
John Goodman,24356
Danny Trejo,12279
Steve Buscemi,12279
Christopher Lee,5185
Christopher Walken,8046
Samuel L. Jackson,9257
Robert Duvall,2055
Keith David,10923
Christopher Lloyd,17745
M. Emmet Walsh,17745
Christopher Lloyd,114776
Vincent Price,18573
Brian Cox,48791
Nicolas Cage,19053
Robert Duvall,636
Donald Pleasence,636
Robert Duvall,14881
Bess Flowers,35073
Donald Pleasence,33521
Robert Duvall,20815
John Hurt,48464
Jackie Chan,10610
Harvey Keitel,31094
Stellan Skarsgård,31094
Nicolas Cage,7270
Danny Trejo,1428
Willem Dafoe,1428
Jackie Chan,10618
Donald Pleasence,36759
Harry Dean Stanton,16323
John Carradine,43041
Christopher Plummer,12767
Michael Caine,13156
Robert Duvall,13156
Christopher Walken,10159
Bess Flowers,821
Keenan Wynn,36349
Harvey Keitel,10337
Eric Roberts,42570
Donald Pleasence,29161
Charles Lane,13343
Danny Glover,41780
Liam Neeson,26850
Bess Flowers,19171
John Leguizamo,11364
M. Emmet Walsh,55950
Bess Flowers,43739
Keith David,25269
Dennis Hopper,86763
M. Emmet Walsh,86763
Liam Neeson,12772
Donald Sutherland,17744
Anthony Quinn,21219
Michael Caine,10536
John Turturro,96171
Christopher Lloyd,20312
Morgan Freeman,64945
Liam Neeson,508
Frank Welker,10715
Alec Baldwin,10588
Liam Neeson,9556
Max von Sydow,9065
Eric Roberts,4823
Keith David,4823
Donald Sutherland,11583
Nicolas Cage,6472
Michael Caine,5143
Max von Sydow,5143
John Turturro,5143
Bruce Willis,9292
Donald Sutherland,11850
John Goodman,10804
John Hurt,10804
Bruce Willis,9319
Susan Sarandon,2007
Michael Caine,2612
Anthony Quinn,2611
Danny Glover,19065
Danny Glover,11509
Anthony Quinn,14249
John Leguizamo,14249
Willem Dafoe,14746
Willem Dafoe,9846
John Turturro,9846
Nicolas Cage,23719
Nicolas Cage,483
Willem Dafoe,483
Harry Dean Stanton,483
Susan Sarandon,6069
John Carradine,43875
John Wayne,3089
John Wayne,995
John Carradine,995
John Carradine,11839
Robert Duvall,916
Charles Lane,3062
John Goodman,42045
Susan Sarandon,987
Christopher Plummer,10023
Christopher Lee,11519
Robert Duvall,72087
Brian Cox,72087
Jackie Chan,18857
Alec Baldwin,10744
Steve Buscemi,587
Michael Caine,41488
Christopher Lee,122
Donald Sutherland,2289
Malcolm McDowell,52036
James Franco,52036
Alec Baldwin,5966
Dennis Hopper,17258
Harvey Keitel,17258
Gérard Depardieu,6277
Harvey Keitel,6277
Bess Flowers,43049
Ward Bond,3088
Anthony Quinn,980
Bess Flowers,16933
Samuel L. Jackson,2017
Stellan Skarsgård,2017
Anthony Quinn,405
Robert De Niro,37774
Donald Pleasence,37774
John Carradine,37774
Morgan Freeman,12634
Harry Dean Stanton,12634
John Leguizamo,74395
James Earl Jones,29493
Michael Caine,7008
John Carradine,29852
Dennis Hopper,19345
Nicolas Cage,6470
Samuel L. Jackson,13572
Willem Dafoe,25935
Brian Cox,25935
Max von Sydow,42602
Robert Duvall,31602
Keith David,17047
John Turturro,1586
Robert De Niro,10433
John Hurt,58995
Christopher Lloyd,40752
Stellan Skarsgård,553
John Hurt,553
John Hurt,1487
Steve Buscemi,13700
Bruce Willis,2122
Vincent Price,6844
John Carradine,6844
Harvey Keitel,26176
John Turturro,111883
Anthony Quinn,47201
John Hurt,12239
Dennis Hopper,12239
Samuel L. Jackson,393
Christopher Walken,9509
John Goodman,19016
Christopher Walken,10710
Robert De Niro,11058
Brian Cox,652
Steve Buscemi,883
Eric Roberts,68440
Jackie Chan,9461
Donald Pleasence,667
Christopher Lloyd,26976
Max von Sydow,36670
Bess Flowers,31993
Keenan Wynn,28290
Susan Sarandon,41003
John Wayne,17538
Michael Caine,26670
Eric Roberts,44047
Vincent Price,31965
Bruce Willis,9356
Vincent Price,29486
Christopher Lee,12310
Michael Caine,9624
John Goodman,25389
Robert De Niro,94771
Gérard Depardieu,94771
Christopher Lee,26612
Anthony Quinn,10604
Bess Flowers,44098
Harry Dean Stanton,77780
Christopher Plummer,33157
John Goodman,24798
Max von Sydow,11656
Willem Dafoe,45926
Bess Flowers,40092
Irving Bacon,14594
Keenan Wynn,14595
Bess Flowers,14595
Keenan Wynn,86600
Susan Sarandon,192936
Dennis Hopper,9698
Harry Dean Stanton,11577
Vincent Price,21159
Vincent Price,30137
James Earl Jones,5521
Christopher Lee,27636
Dennis Hopper,25598
Keenan Wynn,38701
Max von Sydow,26372
Max von Sydow,29455
Max von Sydow,11602
Max von Sydow,29453
Harry Dean Stanton,42179
Robert De Niro,31581
Dennis Hopper,22694
Michael Caine,5902
Dennis Hopper,10690
Harry Dean Stanton,27658
Morgan Freeman,13823
John Hurt,26234
John Turturro,32450
Harvey Keitel,203
Robert De Niro,203
Irving Bacon,29740
Bess Flowers,33632
John Hurt,3072
Eric Roberts,87677
James Earl Jones,108059
Anthony Quinn,29592
Michael Caine,38291
Keenan Wynn,42791
John Carradine,73194
Ward Bond,73194
Bess Flowers,20643
Vincent Price,36786
Donald Sutherland,27459
Harvey Keitel,10498
Christopher Lee,4879
John Wayne,15573
Danny Glover,10734
Keith David,2789
Christopher Walken,9890
Morgan Freeman,26254
Christopher Lee,11546
Harry Dean Stanton,71125
John Carradine,27118
Max von Sydow,18333
Frank Welker,21793
John Wayne,18712
Gérard Depardieu,10484
Morgan Freeman,113290
Irving Bacon,36488
Bess Flowers,19414
Willem Dafoe,9791
Danny Trejo,9791
Susan Sarandon,26973
Bess Flowers,17820
John Turturro,31146
John Turturro,37696
John Wayne,17761
Charles Lane,20277
Jackie Chan,10204
Malcolm McDowell,3515
John Wayne,19096
Anthony Quinn,19096
Steve Buscemi,72096
John Wayne,47555
Frank Welker,24236
Christopher Plummer,44691
Keenan Wynn,54028
Vincent Price,17645
Samuel L. Jackson,16136
Gérard Depardieu,36561
Bess Flowers,43466
Ward Bond,76076
John Carradine,26596
Ward Bond,26596
Dennis Hopper,26596
Robert De Niro,1777
Christopher Lee,26811
Donald Sutherland,26811
John Turturro,54022
Christopher Walken,54022
Dennis Hopper,54022
James Franco,558
Willem Dafoe,558
Willem Dafoe,10742
Stellan Skarsgård,9477
Danny Trejo,8699
Nicolas Cage,36630
Steve Buscemi,36630
John Wayne,11897
Harry Dean Stanton,11897
Ward Bond,43443
Brian Cox,2502
Malcolm McDowell,26300
Michael Caine,42525
Michael Caine,20876
Samuel L. Jackson,20876
Irving Bacon,27437
Bess Flowers,27437
Christopher Walken,41925
Robert Duvall,69903
James Earl Jones,69903
Frank Welker,19051
Anthony Quinn,43885
John Wayne,43785
Irving Bacon,43785
Donald Sutherland,5122
Christopher Lee,42469
Christopher Lee,10910
Dennis Hopper,39269
Liam Neeson,69035
Bess Flowers,19974
Bess Flowers,34327
Gérard Depardieu,14652
Steve Buscemi,52936
Stellan Skarsgård,11026
John Carradine,45598
Vincent Price,45598
Harvey Keitel,16153
Harvey Keitel,42694
Whoopi Goldberg,31117
Alec Baldwin,26486
Anthony Quinn,84655
John Carradine,43839
Christopher Walken,18196
John Carradine,18196
John Leguizamo,88174
Keenan Wynn,12707
Bess Flowers,43117
John Carradine,27498
Gérard Depardieu,1492
Robert De Niro,10555
Christopher Walken,15503
Michael Caine,15503
Susan Sarandon,4380
Christopher Lee,23739
Robin Williams,11099
Susan Sarandon,8849
Danny Glover,176
Samuel L. Jackson,9806
Liam Neeson,11184
Nicolas Cage,2059
Harvey Keitel,2059
Christopher Plummer,2059
Alec Baldwin,11836
Christopher Plummer,1966
M. Emmet Walsh,13673
Bruce Willis,163
Keenan Wynn,24062
John Carradine,24062
Christopher Lee,42668
John Carradine,151848
Vincent Price,28421
Keenan Wynn,42401
Irving Bacon,42401
Charles Lane,31511
Irving Bacon,43130
Ward Bond,43130
Ward Bond,50073
John Carradine,24106
John Wayne,49640
Ward Bond,14615
Irving Bacon,24807
Bess Flowers,24807
Charles Lane,24807
Bess Flowers,38721
John Carradine,16515
Ward Bond,27973
Bess Flowers,37650
Charles Lane,37650
Irving Bacon,23101
Ward Bond,23101
Bess Flowers,23101
Bess Flowers,37698
Bess Flowers,55604
Irving Bacon,43811
Charles Lane,43811
Charles Lane,29884
Irving Bacon,33112
Bess Flowers,33112
Irving Bacon,28789
Bess Flowers,43799
Ward Bond,43522
Irving Bacon,23051
Ward Bond,43306
Irving Bacon,43306
Bess Flowers,18727
Bess Flowers,33049
Bess Flowers,43307
Bess Flowers,17136
John Wayne,18771
Ward Bond,18771
Bess Flowers,44041
Bess Flowers,26701
John Wayne,29244
Ward Bond,29244
Keenan Wynn,83838
John Wayne,37347
Ward Bond,37347
Vincent Price,41609
Keenan Wynn,41609
Keenan Wynn,25209
Keenan Wynn,24518
Irving Bacon,3111
Michael Caine,44559
Christopher Lee,30637
John Carradine,56156
Charles Lane,43137
Bess Flowers,43137
John Carradine,58997
Christopher Lee,64568
Charles Lane,13671
John Wayne,15263
Bess Flowers,4025
Anthony Quinn,166607
Anthony Quinn,151138
Christopher Lee,17102
Donald Pleasence,23194
John Wayne,37921
Harry Dean Stanton,60555
Keenan Wynn,26039
John Wayne,27277
Keenan Wynn,27277
Christopher Lee,29778
Dennis Hopper,18193
M. Emmet Walsh,5638
Christopher Lee,24152
Christopher Lee,29748
Robert De Niro,42589
Donald Sutherland,16328
Robert Duvall,42500
Brian Cox,38646
Christopher Lee,34479
Max von Sydow,40732
John Carradine,122677
Vincent Price,18250
Christopher Lee,33020
M. Emmet Walsh,89417
Vincent Price,28498
Harry Dean Stanton,1835
Susan Sarandon,19740
Jackie Chan,38099
Robert De Niro,3870
Gérard Depardieu,3870
Donald Sutherland,3870
Gérard Depardieu,46978
Anthony Quinn,26842
Harry Dean Stanton,42252
Robert De Niro,12637
Max von Sydow,72412
Keenan Wynn,98851
Jackie Chan,11537
Gérard Depardieu,38438
Donald Pleasence,86295
Malcolm McDowell,6341
Dennis Hopper,232
Nicolas Cage,232
Eric Roberts,30707
Charles Lane,47892
Christopher Lloyd,22998
John Hurt,19621
John Carradine,10179
Max von Sydow,10179
Nicolas Cage,47359
Donald Sutherland,40929
Jackie Chan,9056
Stellan Skarsgård,62429
Robin Williams,30653
M. Emmet Walsh,30653
Robin Williams,26555
Eric Roberts,65326
Jackie Chan,21733
Donald Pleasence,8852
Morgan Freeman,60631
Vincent Price,49815
Malcolm McDowell,2927
Willem Dafoe,9768
M. Emmet Walsh,31597
John Turturro,1662
Nicolas Cage,71642
Robert De Niro,22423
Robert Duvall,4539
Dennis Hopper,4539
Max von Sydow,31696
Willem Dafoe,36351
Susan Sarandon,36351
John Leguizamo,14362
Gérard Depardieu,41804
Malcolm McDowell,147164
Jackie Chan,11198
Samuel L. Jackson,45145
Robert De Niro,36288
Liam Neeson,31962
Steve Buscemi,41578
Gérard Depardieu,10486
Gérard Depardieu,19223
Brian Cox,16992
Keith David,134458
Christopher Lloyd,26215
James Earl Jones,9732
Danny Trejo,10213
Danny Trejo,12095
Jackie Chan,8697
Stellan Skarsgård,22140
James Earl Jones,7096
Alec Baldwin,67899
Eric Roberts,23356
Gérard Depardieu,9597
Christopher Walken,9011
Michael Caine,28943
Frank Welker,16234
Gérard Depardieu,2899
Donald Sutherland,31010
Steve Buscemi,19448
Jackie Chan,11847
Anthony Quinn,13437
Malcolm McDowell,48843
John Goodman,22242
John Hurt,50467
John Turturro,37266
Christopher Walken,10918
Whoopi Goldberg,11430
Christopher Lee,60672
Harry Dean Stanton,16765
Harvey Keitel,189332
Samuel L. Jackson,16635
Jackie Chan,17457
Donald Sutherland,36763
Dennis Hopper,32276
Malcolm McDowell,24747
Christopher Plummer,30973
John Turturro,20912
Susan Sarandon,41171
Robin Williams,41171
Morgan Freeman,70
Christopher Lee,118
Michael Caine,62143
Willem Dafoe,421
Alec Baldwin,2567
Willem Dafoe,2567
John Goodman,6478
Malcolm McDowell,1901
Robert De Niro,693
John Carradine,15401
Anthony Quinn,14677
Michael Caine,66600
Robert Duvall,26426
Harry Dean Stanton,39472
M. Emmet Walsh,59143
Bess Flowers,74122
Ward Bond,16442
Gérard Depardieu,7229
M. Emmet Walsh,6439
Whoopi Goldberg,6439
Samuel L. Jackson,7214
Ward Bond,43504
Danny Glover,24749
Frank Welker,27549
Ward Bond,989
Bess Flowers,43779
John Leguizamo,8978
Robert De Niro,11096
James Earl Jones,17978
Bess Flowers,43801
Christopher Lloyd,30923
Whoopi Goldberg,30923
John Goodman,27007
James Earl Jones,61144
John Wayne,63617
Jackie Chan,10951
Dennis Hopper,12228
Whoopi Goldberg,27202
Robert Duvall,29578
Christopher Lee,2926
Malcolm McDowell,54302
John Carradine,26243
Harvey Keitel,4551
Bruce Willis,2026
Robin Williams,9928
James Earl Jones,9928
Danny Glover,76264
Malcolm McDowell,76264
Christopher Lloyd,37598
Bess Flowers,88930
Charles Lane,31835
John Leguizamo,20511
John Wayne,22377
Ward Bond,84298
Charles Lane,26038
Keenan Wynn,42622
M. Emmet Walsh,39327
Donald Pleasence,53939
Christopher Plummer,19665
Robert De Niro,73604
Jackie Chan,44154
Bruce Willis,187
Christopher Plummer,49565
Max von Sydow,74948
Max von Sydow,14689
Keenan Wynn,69321
Vincent Price,32085
Bess Flowers,30204
Charles Lane,26182
Willem Dafoe,9636
Vincent Price,84084
Jackie Chan,35170
Vincent Price,22033
Robin Williams,24363
Samuel L. Jackson,11679
Willem Dafoe,11679
Liam Neeson,1495
Keith David,1640
Whoopi Goldberg,67445
Vincent Price,16902
Willem Dafoe,48130
Vincent Price,18050
Morgan Freeman,10027
Christopher Lloyd,10837
Samuel L. Jackson,1895
Christopher Lee,1895
James Earl Jones,1895
Robert Duvall,9981
Charles Lane,28423
Stellan Skarsgård,12700
Eric Roberts,34309
Keith David,787
John Leguizamo,21295
Charles Lane,3011
Michael Caine,272
Liam Neeson,272
Morgan Freeman,272
Robert De Niro,45881
Harvey Keitel,45881
John Leguizamo,11683
Dennis Hopper,11683
Michael Caine,9722
Max von Sydow,42488
John Carradine,120747
Steve Buscemi,50536
Christopher Lloyd,50536
Irving Bacon,22553
Robert Duvall,26762
Irving Bacon,43809
Bess Flowers,43809
Morgan Freeman,74
Michael Caine,28270
Michael Caine,4889
Donald Sutherland,4889
Morgan Freeman,1667
Christopher Walken,9522
Bess Flowers,26654
Keenan Wynn,84079
Steve Buscemi,1635
Danny Trejo,1696
Christopher Plummer,11648
Whoopi Goldberg,15258
Robin Williams,15258
Jackie Chan,25074
John Wayne,27449
John Hurt,9913
James Franco,13922
Eric Roberts,25975
Samuel L. Jackson,25975
Christopher Lee,68850
Charles Lane,85420
Brian Cox,11460
Gérard Depardieu,9564
John Hurt,14175
Irving Bacon,59882
Keith David,9335
Nicolas Cage,1830
Bess Flowers,78734
Jackie Chan,10753
Jackie Chan,11636
Charles Lane,43529
Donald Pleasence,1676
Jackie Chan,26259
Christopher Walken,9923
Morgan Freeman,1947
Samuel L. Jackson,9074
Christopher Lee,3933
Christopher Walken,30941
Stellan Skarsgård,5471
James Earl Jones,20674
Charles Lane,43110
Susan Sarandon,9621
Alec Baldwin,9621
John Hurt,16608
Robin Williams,191599
Nicolas Cage,6963
Michael Caine,6963
Max von Sydow,226594
Danny Glover,1951
Willem Dafoe,1951
John Hurt,1951
Susan Sarandon,13994
Steve Buscemi,13994
Christopher Walken,13994
John Turturro,13994
Christopher Lee,5620
Christopher Lee,39261
Christopher Lee,54801
Christopher Lee,28667
Christopher Plummer,231
Max von Sydow,41764
Donald Sutherland,4348
Morgan Freeman,10064
Liam Neeson,1420
John Wayne,6529
Ward Bond,6529
Brian Cox,116
Liam Neeson,411
Willem Dafoe,36826
Bess Flowers,35896
Anthony Quinn,17382
Irving Bacon,17382
Alec Baldwin,7552
Brian Cox,9927
Christopher Plummer,11400
Max von Sydow,46041
James Franco,9044
Gérard Depardieu,17379
Donald Pleasence,4772
Donald Sutherland,12701
Jackie Chan,21519
Christopher Plummer,49683
James Franco,13275
Charles Lane,27629
Irving Bacon,27629
Bess Flowers,27629
Donald Sutherland,30712
Frank Welker,9975
Samuel L. Jackson,9959
Whoopi Goldberg,24432
Bruce Willis,2207
John Leguizamo,950
Donald Pleasence,10912
Robin Williams,9968
Donald Sutherland,1967
John Hurt,752
Robert Duvall,9388
Christopher Plummer,388
Willem Dafoe,388
Danny Glover,10067
Bruce Willis,186
Morgan Freeman,186
Keith David,13960
James Earl Jones,39045
Willem Dafoe,9310
Susan Sarandon,18858
Robin Williams,9530
Donald Pleasence,14384
Donald Sutherland,10008
Bruce Willis,7518
John Goodman,920
John Wayne,15264
Ward Bond,15264
Steve Buscemi,32446
Donald Sutherland,15366
John Goodman,53905
Christopher Plummer,2044
Christopher Walken,9339
James Earl Jones,9339
Stellan Skarsgård,58
Susan Sarandon,71769
Charles Lane,43147
Bess Flowers,151590
Vincent Price,25509
Keenan Wynn,31998
Christopher Plummer,4375
Dennis Hopper,60269
Keith David,14474
Max von Sydow,45817
Ward Bond,43838
Robert Duvall,42636
Steve Buscemi,9297
Gérard Depardieu,5070
Samuel L. Jackson,326
Robin Williams,1593
Nicolas Cage,1852
John Leguizamo,14963
Ward Bond,31152
Nicolas Cage,9906
Frank Welker,9906
John Carradine,77250
Robin Williams,9782
Danny Glover,9907
Bess Flowers,42756
Bess Flowers,86604
Donald Sutherland,15414
Jackie Chan,10348
Ward Bond,26718
Charles Lane,33792
Gérard Depardieu,7291
Donald Sutherland,9988
Nicolas Cage,9708
James Franco,9708
John Carradine,50070
John Carradine,43829
Danny Trejo,13075
Anthony Quinn,43837
Ward Bond,43837
Anthony Quinn,31148
Ward Bond,31148
Charles Lane,31148
John Wayne,52859
Ward Bond,52859
Whoopi Goldberg,15213
Robin Williams,15213
James Franco,9664
John Wayne,24751
Alec Baldwin,1422
Brian Cox,7510
Alec Baldwin,7510
Robin Williams,9895
Christopher Walken,9895
Donald Sutherland,42236
Irving Bacon,52360
Irving Bacon,77198
Ward Bond,77198
Charles Lane,77198
Michael Caine,9693
Michael Caine,1124
John Hurt,1427
Samuel L. Jackson,12486
Whoopi Goldberg,12486
John Hurt,8588
Robin Williams,9836
Morgan Freeman,2357
James Franco,1581
Charles Lane,21600
Bruce Willis,8324
Bess Flowers,39219
Christopher Lee,17604
Steve Buscemi,9986
Jackie Chan,11653
John Hurt,30060
Alec Baldwin,1247
Robert De Niro,1247
John Turturro,1247
Danny Glover,1125
Harry Dean Stanton,1730
Danny Trejo,10908
Eric Roberts,9053
Samuel L. Jackson,14171
Robert De Niro,9992
Gérard Depardieu,31325
Bruce Willis,7457
Harry Dean Stanton,7457
James Franco,13551
Dennis Hopper,19166
Bess Flowers,43470
Harry Dean Stanton,12183
Harvey Keitel,12547
John Carradine,56165
Steve Buscemi,2266
Willem Dafoe,2266
Bruce Willis,5172
John Carradine,40973
Eric Roberts,17266
Christopher Lee,17266
Nicolas Cage,1250
Samuel L. Jackson,7874
Donald Sutherland,17919
Anthony Quinn,94393
Donald Sutherland,12554
Max von Sydow,12554
Nicolas Cage,1738
Gérard Depardieu,38021
Harvey Keitel,31659
John Leguizamo,31015
Brian Cox,1949
Frank Welker,8965
Steve Buscemi,14434
Donald Sutherland,2355
Danny Glover,7485
Vincent Price,33673
Bess Flowers,38432
Liam Neeson,13249
Irving Bacon,175027
Harvey Keitel,22549
Stellan Skarsgård,11515
Bruce Willis,7183
John Carradine,118536
Harry Dean Stanton,23397
M. Emmet Walsh,23397
Gérard Depardieu,1407
Morgan Freeman,1441
Jackie Chan,18767
Willem Dafoe,1268
James Franco,559
Willem Dafoe,559
Robert Duvall,1950
Whoopi Goldberg,13352
Brian Cox,15008
James Franco,4964
Christopher Walken,2976
Danny Trejo,14547
Keith David,14547
Jackie Chan,11205
Stellan Skarsgård,285
Christopher Plummer,22049
Bruce Willis,14043
Ward Bond,17660
Christopher Plummer,42700
Donald Pleasence,42700
Charles Lane,27138
Dennis Hopper,27464
Gérard Depardieu,41930
Malcolm McDowell,42464
Samuel L. Jackson,3021
Bruce Willis,1571
Robin Williams,2959
John Goodman,2698
Morgan Freeman,2698
John Turturro,1858
Steve Buscemi,3563
John Wayne,26185
Jackie Chan,18763
Stellan Skarsgård,13491
Robert De Niro,2270
Morgan Freeman,31601
Max von Sydow,18650
Samuel L. Jackson,13074
Jackie Chan,5174
Max von Sydow,5174
Christopher Walken,9750
Malcolm McDowell,2082
Danny Trejo,2082
John Goodman,11835
Donald Sutherland,42735
Donald Pleasence,6916
Bruce Willis,1992
Anthony Quinn,14786
Donald Sutherland,19583
Susan Sarandon,6973
James Franco,6973
Alec Baldwin,13072
Steve Buscemi,8414
James Franco,8414
Susan Sarandon,13257
Morgan Freeman,14313
Robert Duvall,2001
Michael Caine,4520
Morgan Freeman,4771
Harry Dean Stanton,9773
Dennis Hopper,13197
Irving Bacon,50155
Keith David,9262
John Goodman,5559
Max von Sydow,2013
Willem Dafoe,39127
Danny Glover,4953
Ward Bond,37368
Robin Williams,5123
John Wayne,53827
John Wayne,32726
John Leguizamo,6639
Christopher Plummer,24732
John Wayne,22606
Danny Trejo,13168
Susan Sarandon,4523
Christopher Lee,2268
John Turturro,13998
John Wayne,43308
Ward Bond,43308
Harry Dean Stanton,25740
Morgan Freeman,7350
Nicolas Cage,6637
Harvey Keitel,6637
John Wayne,40682
Brian Cox,54318
Vincent Price,28363
Michael Caine,13195
Samuel L. Jackson,13252
Harvey Keitel,86241
Keith David,14423
John Hurt,11253
Anthony Quinn,17665
Danny Glover,62652
Danny Glover,15020
Steve Buscemi,18893
John Carradine,77245
Bess Flowers,77245
James Earl Jones,13490
Donald Sutherland,8676
John Hurt,48131
Samuel L. Jackson,8247
Christopher Plummer,14105
John Wayne,95169
John Wayne,113788
Ward Bond,94009
John Wayne,94009
Ward Bond,72602
Eric Roberts,15365
Malcolm McDowell,13460
Keith David,14011
Bruce Willis,8944
Robert De Niro,8944
John Turturro,8944
Michael Caine,155
Morgan Freeman,155
Eric Roberts,155
John Turturro,18633
Keith David,11918
Susan Sarandon,7459
John Goodman,7459
Gérard Depardieu,38376
Jackie Chan,1729
Michael Caine,28131
Susan Sarandon,38163
Robert Duvall,31604
Charles Lane,40045
Anthony Quinn,1810
Steve Buscemi,13650
Samuel L. Jackson,1726
Willem Dafoe,14000
Liam Neeson,8681
James Franco,13008
Liam Neeson,2454
John Hurt,217
John Hurt,12245
Jackie Chan,9502
John Hurt,14050
John Wayne,29377
John Wayne,46189
Ward Bond,46189
John Turturro,10661
Donald Pleasence,22090
Jackie Chan,45408
Anthony Quinn,37412
Eric Roberts,15691
John Leguizamo,8645
Morgan Freeman,8909
Bess Flowers,1938
Anthony Quinn,29882
John Carradine,40630
Dennis Hopper,14349
Stellan Skarsgård,11631
Danny Glover,14414
Brian Cox,13541
Christopher Lee,13541
Dennis Hopper,10187
Willem Dafoe,13251
James Franco,10189
Stellan Skarsgård,15069
John Leguizamo,18056
Dennis Hopper,13300
Dennis Hopper,11671
Christopher Lee,12180
Samuel L. Jackson,12180
Christopher Lloyd,13956
Liam Neeson,60230
Donald Sutherland,60230
Donald Sutherland,31018
Alec Baldwin,31018
Gérard Depardieu,9381
Samuel L. Jackson,8285
Ward Bond,18539
Nicolas Cage,13184
Keith David,14075
Robert De Niro,13389
John Leguizamo,13389
Samuel L. Jackson,13279
Danny Trejo,16456
Dennis Hopper,16456
John Turturro,12412
John Leguizamo,12412
Donald Pleasence,1984
James Franco,14326
Donald Pleasence,50011
Brian Cox,13200
Danny Trejo,12683
Alec Baldwin,13596
Dennis Hopper,13948
Bess Flowers,83683
Charles Lane,83683
Irving Bacon,59403
Alec Baldwin,10527
Danny Glover,8338
Robert Duvall,20766
Christopher Lee,4701
Donald Pleasence,4701
John Wayne,120828
Malcolm McDowell,44283
Whoopi Goldberg,42884
John Turturro,21501
Samuel L. Jackson,14655
Ward Bond,37327
Malcolm McDowell,13053
John Carradine,32862
James Franco,10139
Robert Duvall,12193
Steve Buscemi,14248
Vincent Price,44626
John Carradine,116973
John Leguizamo,25852
Malcolm McDowell,20542
Liam Neeson,12429
John Carradine,70191
Danny Glover,9795
Christopher Lloyd,10199
Gérard Depardieu,13635
Irving Bacon,60542
Brian Cox,14076
James Earl Jones,250093
Danny Glover,14549
John Wayne,80193
John Hurt,10529
Willem Dafoe,50318
Keith David,14836
Brian Cox,14851
Anthony Quinn,111459
Ward Bond,37309
Willem Dafoe,7353
Samuel L. Jackson,14711
Dennis Hopper,49600
Christopher Plummer,15148
M. Emmet Walsh,15148
Keith David,15039
Alec Baldwin,18884
Brian Cox,18884
Christopher Plummer,18884
Max von Sydow,18884
John Wayne,36499
Danny Trejo,17317
Whoopi Goldberg,15670
John Wayne,206034
Bess Flowers,29117
Morgan Freeman,14979
Christopher Plummer,20421
John Wayne,53574
Frank Welker,27757
Nicolas Cage,13811
Vincent Price,52528
Bess Flowers,58076
Bess Flowers,47739
M. Emmet Walsh,13161
John Wayne,53828
Bess Flowers,53863
John Goodman,20048
Christopher Lee,82962
Samuel L. Jackson,16869
Harvey Keitel,16869
John Wayne,84908
Max von Sydow,24365
John Wayne,53624
Alec Baldwin,22152
John Wayne,23391
Christopher Lloyd,19350
James Earl Jones,10946
John Wayne,23590
John Wayne,65503
Stellan Skarsgård,13448
John Wayne,80592
Keenan Wynn,111752
Vincent Price,122160
Danny Trejo,13532
Robin Williams,18360
Bess Flowers,90799
Christopher Plummer,14160
John Goodman,13975
Willem Dafoe,17609
John Wayne,53622
John Turturro,18487
Christopher Walken,49767
Jackie Chan,18760
Robert Duvall,40509
Harry Dean Stanton,28110
Bess Flowers,89484
John Leguizamo,14938
Frank Welker,19508
John Hurt,8284
John Turturro,8373
Frank Welker,8373
Bess Flowers,35404
John Wayne,53906
John Leguizamo,8355
Alec Baldwin,10024
Whoopi Goldberg,10788
Danny Trejo,15423
Charles Lane,42659
John Wayne,62186
Bess Flowers,62186
John Wayne,22612
Christopher Plummer,68572
Christopher Plummer,8054
Stellan Skarsgård,9974
John Wayne,53830
Gérard Depardieu,39415
John Wayne,23286
John Wayne,53781
Harvey Keitel,31067
John Wayne,40797
John Wayne,40743
John Wayne,22602
John Wayne,40799
John Wayne,38107
Danny Trejo,21878
Christopher Walken,31913
John Goodman,14940
Steve Buscemi,19585
Nicolas Cage,19585
John Wayne,38662
Malcolm McDowell,24150
Christopher Lloyd,65990
Christopher Plummer,12244
John Wayne,140887
John Wayne,40979
John Leguizamo,20171
Michael Caine,22774
Frank Welker,11323
John Leguizamo,18501
Keith David,18501
Brian Cox,16873
Danny Glover,16873
Danny Trejo,16873
Bess Flowers,28299
Robin Williams,20178
Stellan Skarsgård,36800
Danny Trejo,23127
Brian Cox,23202
Bruce Willis,19959
Dennis Hopper,54191
Bruce Willis,18176
Keith David,23706
Malcolm McDowell,44630
Christopher Plummer,44630
Donald Sutherland,43990
John Hurt,12572
Christopher Lee,52941
Michael Caine,22447
Bess Flowers,43893
John Carradine,43893
Willem Dafoe,24418
Willem Dafoe,22821
Nicolas Cage,16577
Donald Sutherland,16577
Samuel L. Jackson,16577
Willem Dafoe,10315
Brian Cox,10315
Irving Bacon,108200
Charles Lane,108200
Danny Glover,14161
Nicolas Cage,11699
Steve Buscemi,28089
James Earl Jones,55628
Dennis Hopper,31002
Frank Welker,15400
Robin Williams,22640
Robin Williams,22949
Susan Sarandon,7980
Morgan Freeman,22954
Keith David,10198
John Goodman,10198
Robert De Niro,26171
Irving Bacon,28392
Harry Dean Stanton,61872
Alec Baldwin,22897
Robert Duvall,25196
Christopher Plummer,36811
Christopher Lee,17591
Harry Dean Stanton,24050
Steve Buscemi,65572
Steve Buscemi,22327
M. Emmet Walsh,22327
Willem Dafoe,19901
Malcolm McDowell,20504
Morgan Freeman,24271
Christopher Walken,24271
Whoopi Goldberg,26765
Robert De Niro,26765
Harry Dean Stanton,26765
Robin Williams,26765
Keith David,323111
Jackie Chan,21521
Willem Dafoe,44027
Jackie Chan,25676
Liam Neeson,17606
Harvey Keitel,25594
Gérard Depardieu,2395
Ward Bond,72241
John Carradine,22404
Ward Bond,17836
Bess Flowers,32130
Stellan Skarsgård,13522
Eric Roberts,31156
Eric Roberts,79509
James Earl Jones,79509
Robert De Niro,71825
Christopher Walken,71825
Bess Flowers,43333
Robert Duvall,33728
Max von Sydow,11324
Eric Roberts,20047
Bruce Willis,23742
Anthony Quinn,30298
Jackie Chan,23172
Jackie Chan,20083
Christopher Lee,12155
John Hurt,29182
Christopher Plummer,17277
Bess Flowers,61880
Michael Caine,25941
Charles Lane,36233
Susan Sarandon,12834
M. Emmet Walsh,45921
John Carradine,24973
John Leguizamo,31867
Bess Flowers,4933
Liam Neeson,28211
Liam Neeson,48336
Liam Neeson,18823
Christopher Lee,35939
Nicolas Cage,23483
Liam Neeson,16759
James Franco,35056
John Goodman,13417
Liam Neeson,36419
James Franco,22419
Ward Bond,39459
Irving Bacon,39459
M. Emmet Walsh,35689
Keith David,35689
Susan Sarandon,11761
Danny Glover,34803
Keith David,34803
Bess Flowers,44747
John Hurt,25832
Christopher Plummer,25338
Brian Cox,35656
Keenan Wynn,43381
Max von Sydow,32985
Anthony Quinn,44399
John Carradine,44399
Samuel L. Jackson,10138
Bess Flowers,198600
Brian Cox,5178
Susan Sarandon,36950
John Goodman,36950
Max von Sydow,20662
Bess Flowers,28575
Vincent Price,23050
Willem Dafoe,18516
Charles Lane,174784
Irving Bacon,174784
Bess Flowers,43317
Eric Roberts,36686
Charles Lane,25551
Samuel L. Jackson,38199
Susan Sarandon,80844
Bess Flowers,132928
Irving Bacon,88192
Keenan Wynn,42767
Liam Neeson,34544
Whoopi Goldberg,10193
Frank Welker,10193
Gérard Depardieu,35164
Frank Welker,10192
Harry Dean Stanton,24663
Eric Roberts,26916
Dennis Hopper,120529
Susan Sarandon,36691
Robert Duvall,59231
Bess Flowers,43449
James Earl Jones,76180
Danny Trejo,34851
Michael Caine,27205
Steve Buscemi,38365
Nicolas Cage,27022
Susan Sarandon,32395
Jackie Chan,38575
Christopher Plummer,30565
Bruce Willis,30565
Michael Caine,26652
Samuel L. Jackson,27581
Gérard Depardieu,52713
Bess Flowers,94618
Bess Flowers,98328
Christopher Lee,33195
Bess Flowers,46011
Eric Roberts,27578
Bruce Willis,27578
John Carradine,43821
Irving Bacon,43821
John Goodman,9503
Christopher Lloyd,43593
Robert Duvall,44718
Bess Flowers,108232
Bess Flowers,32196
Frank Welker,32638
Danny Trejo,23631
Robert De Niro,23631
Charles Lane,17966
Stellan Skarsgård,105737
Bess Flowers,80806
Irving Bacon,32552
Christopher Walken,4204
Anthony Quinn,69119
Bess Flowers,69119
Christopher Walken,55066
Ward Bond,66701
John Carradine,43804
Dennis Hopper,8886
Malcolm McDowell,37735
James Franco,38167
James Franco,38568
Bruce Willis,43939
Susan Sarandon,33909
Donald Pleasence,74714
Steve Buscemi,27023
John Carradine,59581
John Carradine,32021
John Wayne,117211
Robert De Niro,44113
Robert Duvall,27441
Bruce Willis,39514
Morgan Freeman,39514
Brian Cox,39514
James Franco,44115
Bess Flowers,80720
John Hurt,49953
John Wayne,40716
Liam Neeson,43539
John Hurt,12444
Keenan Wynn,43437
Bess Flowers,43437
Danny Glover,13834
Willem Dafoe,33996
Gérard Depardieu,6320
Liam Neeson,10140
Anthony Quinn,38340
Bess Flowers,121238
Bess Flowers,130424
Malcolm McDowell,44028
Max von Sydow,62789
Bess Flowers,34667
Irving Bacon,43855
Bess Flowers,43855
Bess Flowers,62567
Samuel L. Jackson,37080
Gérard Depardieu,31300
Christopher Lee,31283
Max von Sydow,48203
Christopher Walken,15740
Jackie Chan,35138
Robert De Niro,39451
Harvey Keitel,39451
Charles Lane,80054
Robert Duvall,56448
Bess Flowers,54430
Eric Roberts,48127
Whoopi Goldberg,49041
James Earl Jones,42243
Robin Williams,53079
James Franco,40805
Bess Flowers,64605
Steve Buscemi,51933
Nicolas Cage,23047
Christopher Lee,23047
Max von Sydow,79118
Stellan Skarsgård,55061
Keenan Wynn,18703
Bess Flowers,18703
James Franco,15316
Keenan Wynn,76229
Robert De Niro,51876
Bess Flowers,120357
John Hurt,471
Charles Lane,52844
Keith David,38033
John Carradine,122884
Ward Bond,122884
Robert De Niro,45485
Steve Buscemi,45485
Christopher Lee,36939
Stellan Skarsgård,36939
John Leguizamo,50348
M. Emmet Walsh,104364
Whoopi Goldberg,44944
Jackie Chan,52970
Liam Neeson,48138
Michael Caine,45772
John Wayne,43825
Keenan Wynn,91419
Irving Bacon,150712
Ward Bond,150712
Christopher Lee,50204
John Leguizamo,43552
Gérard Depardieu,15576
Bess Flowers,49844
M. Emmet Walsh,4704
Nicolas Cage,47327
Harry Dean Stanton,44896
John Wayne,56930
Anthony Quinn,56930
Stellan Skarsgård,31890
Michael Caine,33228
Anthony Quinn,33228
Donald Sutherland,27582
Donald Sutherland,49494
Samuel L. Jackson,56831
Frank Welker,22620
Frank Welker,47533
Christopher Plummer,13957
Liam Neeson,59248
Gérard Depardieu,51447
Irving Bacon,81751
Keenan Wynn,193547
Anthony Quinn,93528
John Wayne,104430
James Earl Jones,45046
Bess Flowers,131770
John Hurt,62215
Stellan Skarsgård,62215
Stellan Skarsgård,10195
Samuel L. Jackson,10195
John Wayne,40719
Irving Bacon,40719
Ward Bond,99920
Christopher Lee,50671
Donald Pleasence,3581
Christopher Lee,3581
Samuel L. Jackson,57586
Christopher Plummer,52032
John Carradine,106515
Charles Lane,106515
Christopher Walken,51209
John Wayne,28286
John Carradine,28286
Charles Lane,40041
Christopher Plummer,38321
Bess Flowers,43385
Irving Bacon,43385
Steve Buscemi,5937
Gérard Depardieu,47489
Irving Bacon,140995
Jackie Chan,49444
Christopher Plummer,55347
Keith David,41382
Bess Flowers,29877
Steve Buscemi,44219
Bess Flowers,131504
Charles Lane,74088
John Turturro,38356
Frank Welker,38356
Frank Welker,38356
James Franco,38319
Donald Sutherland,51540
Michael Caine,49013
John Turturro,49013
John Carradine,45215
Ward Bond,45215
Irving Bacon,48627
Gérard Depardieu,37832
Danny Glover,94725
John Hurt,12445
Max von Sydow,60899
Samuel L. Jackson,1771
Anthony Quinn,115425
James Earl Jones,74946
John Goodman,13931
Frank Welker,41513
Willem Dafoe,51735
Harvey Keitel,107246
Bess Flowers,111678
Dennis Hopper,12819
Danny Glover,12819
Nicolas Cage,83105
Christopher Plummer,83105
Nicolas Cage,33927
Bess Flowers,43792
Bess Flowers,76382
Irving Bacon,126922
Nicolas Cage,44257
Danny Trejo,51620
Keenan Wynn,120932
James Franco,61791
Brian Cox,61791
Nicolas Cage,35257
Irving Bacon,80771
Bess Flowers,111623
Gérard Depardieu,39413
Danny Trejo,55465
Danny Trejo,56288
Harvey Keitel,421510
James Franco,64832
Morgan Freeman,37430
John Carradine,27986
Anthony Quinn,79775
Christopher Lee,54797
John Goodman,48572
Vincent Price,28373
Brian Cox,38543
Stellan Skarsgård,24428
Samuel L. Jackson,24428
Harry Dean Stanton,24428
John Hurt,49517
Bess Flowers,74525
Michael Caine,42266
Irving Bacon,84299
Robert De Niro,49021
Donald Pleasence,52837
John Goodman,74643
Malcolm McDowell,74643
Vincent Price,47182
Bess Flowers,61645
Keith David,10005
John Hurt,62728
Whoopi Goldberg,45156
Bess Flowers,3966
Harry Dean Stanton,53487
John Carradine,83354
John Wayne,94623
Dennis Hopper,27642
Brian Cox,70196
Gérard Depardieu,79031
Donald Sutherland,72494
Christopher Lee,44826
Nicolas Cage,70578
John Hurt,37958
John Wayne,185292
Steve Buscemi,26738
John Leguizamo,26738
Bruce Willis,70586
John Wayne,61985
Danny Glover,72875
Jackie Chan,55292
Vincent Price,43252
John Carradine,43252
Dennis Hopper,43252
Donald Pleasence,48014
Whoopi Goldberg,64328
Malcolm McDowell,107327
Gérard Depardieu,64983
Bess Flowers,178452
Bess Flowers,85677
Bess Flowers,221346
Max von Sydow,64685
John Goodman,64685
John Hurt,28118
Steve Buscemi,75622
Robin Williams,65759
Christopher Plummer,80555
Irving Bacon,85639
Danny Trejo,91550
Bruce Willis,76163
Eric Roberts,46020
Donald Sutherland,70160
Michael Caine,49026
Morgan Freeman,49026
Liam Neeson,49026
Brian Cox,101173
Keenan Wynn,39287
Morgan Freeman,61896
Robert De Niro,62838
Christopher Plummer,65754
Stellan Skarsgård,65754
Christopher Lloyd,24833
Jackie Chan,50393
Whoopi Goldberg,75301
John Wayne,112655
Morgan Freeman,62837
Liam Neeson,75174
Vincent Price,26283
Anthony Quinn,94741
Bess Flowers,42990
Nicolas Cage,74998
John Leguizamo,54054
John Carradine,35663
Bess Flowers,130900
Michael Caine,118911
Bess Flowers,108222
Michael Caine,72545
Donald Pleasence,84259
John Carradine,110603
Willem Dafoe,70954
Nicolas Cage,71676
Morgan Freeman,26397
Robert Duvall,70876
Samuel L. Jackson,71254
Frank Welker,25831
Vincent Price,77076
John Carradine,18705
Willem Dafoe,49529
Donald Pleasence,3051
Willem Dafoe,45595
Susan Sarandon,82532
Robert De Niro,56591
Samuel L. Jackson,94204
Liam Neeson,57165
Willem Dafoe,86820
Eric Roberts,80432
Frank Welker,62764
Liam Neeson,44833
Vincent Price,28715
Stellan Skarsgård,73211
Vincent Price,37329
Keith David,73563
Christopher Lee,62213
Brian Cox,92493
Alec Baldwin,47479
Bess Flowers,76011
Irving Bacon,109016
Charles Lane,109016
Robert Duvall,111839
Alec Baldwin,94363
Danny Glover,77084
Donald Pleasence,106020
Bruce Willis,83666
Harvey Keitel,83666
Danny Trejo,68472
Frank Welker,13313
Alec Baldwin,81836
Bess Flowers,173891
Alec Baldwin,80585
Michael Caine,48747
Steve Buscemi,83770
Donald Pleasence,378452
John Leguizamo,57800
Keith David,208988
Samuel L. Jackson,208988
Danny Glover,66025
Michael Caine,32050
Donald Pleasence,32050
Danny Glover,51794
Donald Sutherland,83191
Robert De Niro,78571
John Wayne,16130
Christopher Lloyd,59296
Brian Cox,77953
Eric Roberts,79771
Jackie Chan,34800
Jackie Chan,21537
Jackie Chan,38034
John Goodman,77174
Jackie Chan,40572
Frank Welker,14128
Christopher Walken,83384
M. Emmet Walsh,71864
Christopher Lloyd,71668
Robert Duvall,27349
Donald Pleasence,27146
Bruce Willis,77948
Max von Sydow,112090
Bruce Willis,59967
Susan Sarandon,87428
Christopher Lee,126278
Susan Sarandon,84329
John Goodman,87825
Bess Flowers,88075
Charles Lane,43599
Michael Caine,191600
Susan Sarandon,60599
Stellan Skarsgård,53909
Stellan Skarsgård,68663
Robert De Niro,75638
Liam Neeson,82675
Christopher Plummer,223195
Morgan Freeman,101731
Christopher Walken,134738
Alec Baldwin,91250
Steve Buscemi,76492
John Hurt,283101
Samuel L. Jackson,288421
John Turturro,288421
John Goodman,68734
Christopher Walken,86838
Harry Dean Stanton,86838
Anthony Quinn,39779
Bruce Willis,75736
James Franco,122928
Gérard Depardieu,99770
Christopher Lee,75244
Keith David,83542
Susan Sarandon,83542
Malcolm McDowell,61012
Eric Roberts,127756
Bess Flowers,56558
Irving Bacon,56558
John Leguizamo,13078
Robert De Niro,82693
John Goodman,87502
Gérard Depardieu,87827
Malcolm McDowell,84194
Donald Pleasence,26405
Christopher Walken,121879
Robin Williams,32694
Nicolas Cage,127493
James Earl Jones,58790
Frank Welker,123025
Keith David,56928
Malcolm McDowell,73935
Alec Baldwin,81188
Alec Baldwin,30998
Charles Lane,89702
Keith David,130002
Jackie Chan,18666
Jackie Chan,46111
Jackie Chan,40829
Jackie Chan,46114
Danny Trejo,70863
Jackie Chan,18758
Jackie Chan,18735
Jackie Chan,19274
Jackie Chan,46124
Jackie Chan,18867
Danny Trejo,94380
Jackie Chan,38425
Jackie Chan,18741
Danny Trejo,91333
Harvey Keitel,152795
Jackie Chan,25539
Malcolm McDowell,44594
Jackie Chan,10044
Jackie Chan,18707
Jackie Chan,76349
Jackie Chan,45682
Dennis Hopper,36960
Keith David,142051
Christopher Lee,49051
Bruce Willis,84305
Malcolm McDowell,125490
Bruce Willis,139567
Robert Duvall,75780
Samuel L. Jackson,68718
Malcolm McDowell,139455
Max von Sydow,135390
Gérard Depardieu,63171
Morgan Freeman,50081
Irving Bacon,77775
Gérard Depardieu,193380
Bess Flowers,98262
Gérard Depardieu,151826
Christopher Lloyd,134132
Charles Lane,44668
Susan Sarandon,87496
Samuel L. Jackson,98339
James Franco,68812
Eric Roberts,92681
Frank Welker,142061
Christopher Lee,135921
Harry Dean Stanton,76640
James Franco,84309
John Carradine,100747
Danny Trejo,156717
Harvey Keitel,70829
John Carradine,42452
John Leguizamo,114562
Danny Glover,83890
Christopher Walken,121824
Bess Flowers,40767
Jackie Chan,98567
Bruce Willis,47964
Irving Bacon,144465
Liam Neeson,84330
Irving Bacon,126122
Susan Sarandon,134411
John Leguizamo,13442
Danny Trejo,28090
Robert De Niro,103162
Bruce Willis,72559
James Franco,68728
Nicolas Cage,49519
Eric Roberts,133183
Danny Glover,59883
Keenan Wynn,88812
Steve Buscemi,124459
James Franco,122081
Morgan Freeman,117263
Vincent Price,119001
Donald Sutherland,117923
John Goodman,51249
Donald Pleasence,96404
Eric Roberts,31389
Dennis Hopper,40798
M. Emmet Walsh,44895
Alec Baldwin,54994
Whoopi Goldberg,54994
Morgan Freeman,75612
Donald Sutherland,32599
Bess Flowers,82106
James Franco,109414
Susan Sarandon,19688
John Carradine,57849
Vincent Price,57849
Michael Caine,2966
James Franco,94901
Danny Trejo,60540
Jackie Chan,21522
John Goodman,116741
Bess Flowers,64143
John Goodman,109439
Christopher Lee,197481
Nicolas Cage,86843
James Franco,86843
Samuel L. Jackson,86843
Donald Pleasence,28271
Michael Caine,75656
Morgan Freeman,75656
James Franco,77805
Eric Roberts,77805
John Hurt,68297
Keith David,184125
Robert De Niro,87567
Susan Sarandon,87567
Robin Williams,87567
John Goodman,62211
Steve Buscemi,62211
Harvey Keitel,88057
Donald Sutherland,152742
Ward Bond,59584
Willem Dafoe,179826
Susan Sarandon,124071
Bess Flowers,108209
Keith David,404211
Malcolm McDowell,133339
Bess Flowers,30183
Robert De Niro,77663
Samuel L. Jackson,77950
Bruce Willis,146216
Brian Cox,146216
Irving Bacon,188468
Christopher Lee,160139
Alec Baldwin,160588
Gérard Depardieu,4548
Frank Welker,77931
Malcolm McDowell,23535
Steve Buscemi,109418
Charles Lane,18851
John Leguizamo,59859
Ward Bond,59589
Whoopi Goldberg,158999
James Earl Jones,158999
Keenan Wynn,26158
Robin Williams,132363
Nicolas Cage,199373
Morgan Freeman,250155
Vincent Price,77123
Eric Roberts,29231
Charles Lane,218212
Bess Flowers,176734
Susan Sarandon,214091
Alec Baldwin,219674
Christopher Lee,65114
Willem Dafoe,164457
Robert De Niro,112205
Christopher Lloyd,85509
Donald Sutherland,28320
Charles Lane,41349
Robert De Niro,74137
John Hurt,40950
John Hurt,34937
John Turturro,39243
Harvey Keitel,39243
Robert De Niro,127878
Robert Duvall,127878
Danny Glover,127878
Samuel L. Jackson,133931
Bess Flowers,249333
Keenan Wynn,210940
Eric Roberts,192160
Christopher Plummer,196355
Danny Glover,196355
Danny Glover,218381
Keith David,10598
Anthony Quinn,56290
Danny Trejo,106747
Stellan Skarsgård,91745
M. Emmet Walsh,273160
Irving Bacon,194516
Keith David,58631
Keenan Wynn,256396
M. Emmet Walsh,57725
Stellan Skarsgård,76338
Danny Trejo,44745
Robert Duvall,193212
Keith David,175574
Eric Roberts,64458
Christopher Lee,28592
Donald Sutherland,28592
Robert De Niro,137093
Morgan Freeman,137093
Malcolm McDowell,53318
Gérard Depardieu,4146
Alec Baldwin,193645
Donald Sutherland,101299
Michael Caine,129405
John Hurt,41602
Christopher Lee,3030
Morgan Freeman,25781
Stellan Skarsgård,31035
Christopher Plummer,107311
Michael Caine,201749
John Goodman,86829
James Franco,204082
Robert De Niro,168672
Brian Cox,152601
Whoopi Goldberg,47257
Frank Welker,47257
Donald Sutherland,47794
Donald Pleasence,47794
Brian Cox,210024
John Turturro,49852
Samuel L. Jackson,87516
Liam Neeson,109443
Whoopi Goldberg,174325
John Hurt,110415
Eric Roberts,158990
Whoopi Goldberg,27190
Jackie Chan,54861
Stellan Skarsgård,169881
Christopher Lee,14499
Keith David,119278
Robert De Niro,64807
Christopher Walken,230864
John Hurt,152603
Stellan Skarsgård,83678
Christopher Lee,40593
John Carradine,40593
Irving Bacon,95504
Bess Flowers,95504
Stellan Skarsgård,127560
Bess Flowers,90966
James Earl Jones,173467
John Goodman,173467
Harry Dean Stanton,4949
Danny Trejo,140174
John Leguizamo,168530
Samuel L. Jackson,240916
Max von Sydow,11188
Irving Bacon,114638
Malcolm McDowell,24475
Bess Flowers,114888
Bess Flowers,96482
Donald Sutherland,95093
Keith David,36299
Eric Roberts,36299
Christopher Lee,66892
Keith David,14028
John Goodman,152760
Liam Neeson,137106
Morgan Freeman,137106
Samuel L. Jackson,97020
Dennis Hopper,58427
Stellan Skarsgård,249397
Willem Dafoe,249397
Alec Baldwin,133021
John Goodman,133021
Nicolas Cage,157847
Dennis Hopper,31295
Willem Dafoe,120467
Harvey Keitel,120467
Michael Caine,157336
Liam Neeson,225574
M. Emmet Walsh,90517
Robert De Niro,242076
Gérard Depardieu,21788
Willem Dafoe,256731
Morgan Freeman,79893
James Franco,177494
Vincent Price,26286
Samuel L. Jackson,100402
Dennis Hopper,226247
Liam Neeson,227783
Charles Lane,4112
Steve Buscemi,63143
Jackie Chan,53168
Danny Trejo,145220
Danny Trejo,256474
John Wayne,40715
Susan Sarandon,197611
M. Emmet Walsh,157832
Irving Bacon,24006
Keenan Wynn,45588
Keenan Wynn,98136
Susan Sarandon,172340
Max von Sydow,25388
John Turturro,214030
Morgan Freeman,157353
John Carradine,166621
Frank Welker,12242
Keenan Wynn,139799
Bess Flowers,80918
Eric Roberts,85564
Nicolas Cage,242310
Danny Glover,242310
Danny Glover,137217
Michael Caine,61642
Danny Trejo,259879
James Franco,262338
Morgan Freeman,240832
James Franco,192132
John Leguizamo,212778
James Franco,158936
Christopher Walken,260202
Danny Trejo,58832
Keenan Wynn,92269
Frank Welker,258893
Liam Neeson,188161
Christopher Lloyd,188161
Gérard Depardieu,42200
Donald Pleasence,185949
John Hurt,185949
Alec Baldwin,177677
Danny Trejo,255268
Danny Glover,255268
Keenan Wynn,91245
Michael Caine,120653
Bess Flowers,42886
Robert Duvall,248688
Willem Dafoe,222935
John Hurt,94671
Robert Duvall,94671
Anthony Quinn,44631
Brian Cox,227700
Malcolm McDowell,208182
Charles Lane,240594
Christopher Walken,209451
Christopher Lee,58733
Frank Welker,91314
John Goodman,91314
Alec Baldwin,174319
John Turturro,174319
Keenan Wynn,118887
Susan Sarandon,226486
Robin Williams,152790
James Earl Jones,152790
Max von Sydow,32053
Danny Trejo,169298
Anthony Quinn,43499
Anthony Quinn,146919
Susan Sarandon,63358
Charles Lane,121234
John Hurt,184315
Brian Cox,282268
Willem Dafoe,157849
Christopher Walken,34469
Dennis Hopper,40990
Christopher Lloyd,27906
Christopher Plummer,61050
Stellan Skarsgård,252822
Jackie Chan,107891
Donald Pleasence,120212
Michael Caine,47517
Whoopi Goldberg,98566
Robin Williams,5800
Bruce Willis,189
Christopher Lloyd,189
Donald Sutherland,31937
Gérard Depardieu,197696
Eric Roberts,98250
Christopher Plummer,56364
John Carradine,286402
Susan Sarandon,283384
Donald Sutherland,283384
Liam Neeson,192145
James Franco,192145
John Turturro,244517
Steve Buscemi,288130
Danny Trejo,179799
John Wayne,166643
Liam Neeson,169917
Irving Bacon,29835
Donald Pleasence,67493
John Carradine,127798
John Carradine,295507
Stellan Skarsgård,254375
Christopher Plummer,254375
Gérard Depardieu,58509
Bruce Willis,241254
James Franco,152745
Danny Glover,43922
Charles Lane,169883
John Leguizamo,245891
Willem Dafoe,245891
Robert Duvall,205587
Keith David,75007
John Carradine,28437
Nicolas Cage,218043
Christopher Lloyd,142946
Anthony Quinn,274127
James Franco,152736
Irving Bacon,3937
Frank Welker,177572
Bess Flowers,115549
Danny Trejo,228326
Irving Bacon,38890
Danny Trejo,151933
Malcolm McDowell,275287
Harvey Keitel,34995
Christopher Lee,42542
Max von Sydow,74974
Bess Flowers,69204
John Leguizamo,77951
John Hurt,52010
Vincent Price,59101
Robert Duvall,71034
James Earl Jones,71034
Liam Neeson,17699
John Hurt,109809
Malcolm McDowell,25391
Michael Caine,207933
Harry Dean Stanton,27105
Donald Sutherland,109500
Vincent Price,47553
Michael Caine,69065
Eric Roberts,91316
Eric Roberts,171274
Christopher Lee,28778
Christopher Lee,30972
Donald Sutherland,131631
John Turturro,147441
Vincent Price,55152
Christopher Lee,55152
Frank Welker,17009
Christopher Plummer,233423
Christopher Lee,79544
M. Emmet Walsh,182349
John Carradine,56152
Vincent Price,56152
Charles Lane,66707
Bess Flowers,66707
Bess Flowers,64928
Morgan Freeman,227735
Gérard Depardieu,204768
Gérard Depardieu,201759
Christopher Lee,29596
James Earl Jones,151679
M. Emmet Walsh,151679
Danny Glover,241771
Donald Sutherland,87235
Christopher Lloyd,73452
Vincent Price,29060
Keenan Wynn,109441
Gérard Depardieu,58058
Eric Roberts,133831
Irving Bacon,121992
Bess Flowers,121992
Irving Bacon,81038
John Goodman,38636
John Leguizamo,299618
Bruce Willis,278086
Robin Williams,278086
Alec Baldwin,284293
Gérard Depardieu,40192
Bess Flowers,99922
Frank Welker,284995
John Leguizamo,79218
Christopher Lee,43450
Harvey Keitel,131194
Liam Neeson,253295
Nicolas Cage,297596
Malcolm McDowell,134375
Harvey Keitel,270005
Brian Cox,136278
Brian Cox,86305
Robin Williams,214086
Bess Flowers,43441
Christopher Lee,122917
John Hurt,60041
Liam Neeson,172391
Steve Buscemi,172391
Frank Welker,32916
Michael Caine,24486
Malcolm McDowell,15056
Whoopi Goldberg,284296
Frank Welker,17681
James Franco,228967
Anthony Quinn,177043
Samuel L. Jackson,207703
Michael Caine,207703
Robin Williams,181533
Irving Bacon,53527
Ward Bond,53527
Charles Lane,53527
Keenan Wynn,241804
Donald Pleasence,84729
Brian Cox,69787
Danny Trejo,227359
Robin Williams,286532
Christopher Lloyd,116977
Irving Bacon,95060
Malcolm McDowell,29628
Danny Glover,106136
Frank Welker,16460
Frank Welker,26728
James Earl Jones,232175
Bess Flowers,111317
Liam Neeson,260346
Susan Sarandon,216736
Vincent Price,38267
Robin Williams,26621
Susan Sarandon,62934
Steve Buscemi,62934
Donald Sutherland,3057
John Carradine,43477
Stellan Skarsgård,38187
Danny Trejo,51939
Anthony Quinn,88209
Alec Baldwin,33932
Christopher Walken,161321
Brian Cox,269173
Whoopi Goldberg,31183
Keenan Wynn,115531
Christopher Lee,253153
Christopher Lee,3483
Bruce Willis,63472
John Carradine,86901
John Carradine,47914
Frank Welker,41275
Anthony Quinn,218582
Nicolas Cage,75337
Anthony Quinn,259593
Alec Baldwin,124998
Bess Flowers,205673
John Turturro,127413
Whoopi Goldberg,14059
Bess Flowers,229221
Bess Flowers,73313
Christopher Lee,35153
Michael Caine,19127
John Wayne,40578
Frank Welker,45752
Vincent Price,72693
Susan Sarandon,246011
Christopher Walken,12787
Ward Bond,17885
Vincent Price,29237
John Wayne,84905
Bess Flowers,99234
Harry Dean Stanton,239706
Donald Pleasence,42468
John Hurt,70810
Anthony Quinn,37404
James Earl Jones,86059
Willem Dafoe,150229
Anthony Quinn,67659
Christopher Lloyd,77874
Bess Flowers,174769
Keenan Wynn,102078
John Wayne,84906
Ward Bond,153228
Bess Flowers,109933
Eric Roberts,90376
Donald Sutherland,35405
Dennis Hopper,4968
Alec Baldwin,254869
Max von Sydow,140607
Morgan Freeman,271969
Samuel L. Jackson,99861
Stellan Skarsgård,99861
Willem Dafoe,141052
Christopher Plummer,268171
Christopher Lee,33733
Charles Lane,26801
Anthony Quinn,75826
Frank Welker,24556
Donald Pleasence,52203
Keenan Wynn,121354
Anthony Quinn,75822
John Wayne,33077
Keenan Wynn,118017
Donald Pleasence,183247
Irving Bacon,39494
Charles Lane,39494
John Carradine,28712
Michael Caine,48689
Bess Flowers,83667
Anthony Quinn,70811
Anthony Quinn,75834
Malcolm McDowell,49060
Danny Glover,281215
Christopher Walken,15759
Charles Lane,143838
Keenan Wynn,101289
Charles Lane,177580
Dennis Hopper,154073
M. Emmet Walsh,154073
Christopher Lee,43092
Christopher Lee,80633
Donald Pleasence,80633
Charles Lane,147876
Donald Pleasence,144229
Eric Roberts,44014
Danny Trejo,36109
Bess Flowers,63591
Irving Bacon,196862
Christopher Lloyd,23853
Bess Flowers,147810
Christopher Lee,84109
Donald Pleasence,114251
Bess Flowers,34768
Dennis Hopper,61052
Irving Bacon,149793
Bess Flowers,139922
Bess Flowers,95724
Keenan Wynn,66485
Vincent Price,82309
John Carradine,147722
Irving Bacon,43458
John Turturro,194736
Christopher Lee,74215
Bess Flowers,123295
John Wayne,73179
Keenan Wynn,94510
Danny Trejo,245589
Bess Flowers,157343
Bess Flowers,175681
Keenan Wynn,91477
Irving Bacon,108256
John Goodman,284536
Irving Bacon,111307
Charles Lane,111307
Anthony Quinn,105551
Christopher Plummer,111910
Christopher Lloyd,169541
John Wayne,82970
Bess Flowers,52864
Bess Flowers,111477
Bess Flowers,95359
Ward Bond,79308
Vincent Price,29113
Danny Glover,13017
Irving Bacon,29116
Bess Flowers,29116
Dennis Hopper,28490
Danny Glover,74877
Bess Flowers,46190
Whoopi Goldberg,174340
Robin Williams,174340
Max von Sydow,43625
Malcolm McDowell,188357
Eric Roberts,92635
Samuel L. Jackson,173299
Anthony Quinn,46193
Harvey Keitel,93263
Eric Roberts,139367
Bess Flowers,28284
Danny Glover,188507
Eric Roberts,108716
Keenan Wynn,94881
Irving Bacon,94881
Bess Flowers,94881
Keith David,61613
Bess Flowers,175065
John Carradine,29416
James Franco,48798
James Earl Jones,67866
Frank Welker,48874
Eric Roberts,60009
Irving Bacon,83816
Charles Lane,83816
Bess Flowers,74208
Christopher Lloyd,285135
Christopher Lee,28770
Christopher Lee,3485
Christopher Lee,49183
Danny Trejo,43754
John Leguizamo,309299
James Franco,291869
James Franco,245706
John Goodman,319070
Malcolm McDowell,81694
Malcolm McDowell,46342
Bruce Willis,307663
James Franco,295069
Max von Sydow,62352
James Earl Jones,86598
Donald Sutherland,12796
Danny Trejo,251994
Bess Flowers,107876
Christopher Lloyd,55328
Danny Glover,47208
Morgan Freeman,91767
Charles Lane,33541
Robert Duvall,36907
Samuel L. Jackson,273248
Christopher Walken,134746
John Hurt,81684
Stellan Skarsgård,37731
Harry Dean Stanton,78691
Malcolm McDowell,107357
Donald Sutherland,58028
Harvey Keitel,254772
James Franco,2141
Robin Williams,21585
Danny Trejo,13611
Gérard Depardieu,4274
James Franco,246127
Jackie Chan,243919
Christopher Lee,82430
Stellan Skarsgård,31292
Liam Neeson,241554
Irving Bacon,27638
Bess Flowers,27638
Stellan Skarsgård,150689
Steve Buscemi,238215
James Earl Jones,297850
John Wayne,65506
Jackie Chan,45197
M. Emmet Walsh,154140
Donald Pleasence,28784
Bess Flowers,27035
Samuel L. Jackson,230179
Donald Pleasence,71924
Harry Dean Stanton,128364
James Franco,199647
James Franco,220493
Christopher Lloyd,79823
Robert De Niro,73612
Anthony Quinn,31281
Harry Dean Stanton,51434
Donald Pleasence,38652
John Leguizamo,240745
John Hurt,149926
Malcolm McDowell,35177
Frank Welker,16119
Frank Welker,21385
John Goodman,33719
Whoopi Goldberg,33719
Max von Sydow,51880
Anthony Quinn,272162
M. Emmet Walsh,264098
Donald Sutherland,53435
Donald Pleasence,67183
Christopher Lee,67693
Robert De Niro,58219
Morgan Freeman,308504
Harry Dean Stanton,111149
Christopher Walken,58242
John Carradine,200114
Christopher Plummer,85230
Christopher Plummer,255157
Whoopi Goldberg,253639
Robert Duvall,92389
John Hurt,46915
Brian Cox,46915
Anthony Quinn,91472
Harvey Keitel,147264
Nicolas Cage,289720
Harry Dean Stanton,96337
Harry Dean Stanton,55044
Robert Duvall,49823
Robert Duvall,154276
Donald Sutherland,241939
Christopher Plummer,256924
Christopher Lee,87503
Samuel L. Jackson,192712
Christopher Walken,290300
Christopher Walken,321030
Bess Flowers,31899
Anthony Quinn,122252
Anthony Quinn,118549
Ward Bond,242332
Bess Flowers,29100
James Franco,300302
Liam Neeson,173205
John Carradine,84708
Frank Welker,202575
Morgan Freeman,240704
Harry Dean Stanton,130612
Jackie Chan,187447
Donald Pleasence,96793
Donald Pleasence,174754
Max von Sydow,9646
Bess Flowers,29846
Willem Dafoe,61777
Robert De Niro,61777
Anthony Quinn,76018
Danny Trejo,40537
Eric Roberts,94365
Harry Dean Stanton,244418
Samuel L. Jackson,248574
Michael Caine,61041
Max von Sydow,75162
Anthony Quinn,125873
Danny Glover,277399
Bess Flowers,236395
Donald Sutherland,33510
Liam Neeson,276137
Michael Caine,310593
Harvey Keitel,310593
Donald Pleasence,154397
Donald Pleasence,198240
Donald Pleasence,122767
Donald Pleasence,62558
Donald Pleasence,92469
Donald Pleasence,200445
Christopher Lee,85602
Donald Pleasence,85602
Donald Pleasence,155797
Donald Pleasence,75903
Donald Pleasence,200331
Vincent Price,200331
Donald Pleasence,24085
Donald Pleasence,30929
Donald Pleasence,84642
Donald Pleasence,169618
Donald Pleasence,65651
John Leguizamo,26861
Harvey Keitel,26861
Vincent Price,39895
Alec Baldwin,222936
Whoopi Goldberg,316067
Steve Buscemi,20333
Keith David,20333
Bess Flowers,84365
Jackie Chan,300168
Liam Neeson,188222
Max von Sydow,116439
Morgan Freeman,286521
Danny Glover,41331
Jackie Chan,219572
James Franco,75442
Donald Sutherland,131634
Brian Cox,257344
James Earl Jones,74849
Michael Caine,274854
Eric Roberts,224087
John Hurt,293238
Brian Cox,53774
Jackie Chan,37588
Morgan Freeman,214756
Liam Neeson,214756
Brian Cox,86828
Robin Williams,86828
Malcolm McDowell,19792
Dennis Hopper,19792
Gérard Depardieu,74080
Danny Trejo,64325
Eric Roberts,161782
Malcolm McDowell,167960
John Goodman,41862
Frank Welker,13151
Frank Welker,21956
Frank Welker,203696
M. Emmet Walsh,297291
Frank Welker,302960
Malcolm McDowell,302960
Frank Welker,13354
Frank Welker,20410
Frank Welker,15601
Frank Welker,20558
Frank Welker,20558
Frank Welker,16390
Brian Cox,16390
Frank Welker,30074
Frank Welker,30074
Frank Welker,24615
Frank Welker,13355
Frank Welker,12903
Frank Welker,12902
Frank Welker,119321
Frank Welker,67900
Frank Welker,151535
Frank Welker,81900
Frank Welker,210769
Malcolm McDowell,42979
John Leguizamo,74722
Danny Trejo,87533
Keenan Wynn,13400
Robert Duvall,324333
James Franco,324333
Eric Roberts,334742
Danny Trejo,309887
Danny Glover,309887
Robin Williams,36952
Gérard Depardieu,290556
Christopher Lloyd,307479
Susan Sarandon,243462
Danny Glover,243462
John Hurt,144206
Eric Roberts,44647
Danny Glover,277702
John Hurt,195912
Frank Welker,14787
Malcolm McDowell,43956
Dennis Hopper,108322
John Carradine,82667
Gérard Depardieu,3935
Harvey Keitel,68050
Gérard Depardieu,57709
Christopher Walken,278927
John Hurt,206514
Irving Bacon,112672
James Franco,167153
Steve Buscemi,41950
Christopher Lloyd,83583
Malcolm McDowell,154980
Eric Roberts,301748
Danny Trejo,89847
Susan Sarandon,128625
Malcolm McDowell,191094
Dennis Hopper,38162
Danny Glover,117700
Bess Flowers,44869
Ward Bond,39318
Christopher Walken,335970
Danny Glover,320433
Nicolas Cage,279144
Frank Welker,347688
Malcolm McDowell,20012
Robin Williams,259963
Samuel L. Jackson,62931
Keith David,287484
James Earl Jones,29804
Danny Trejo,68712
Danny Trejo,86215
Eric Roberts,86215
Christopher Lee,41614
Gérard Depardieu,4580
Malcolm McDowell,288424
Danny Glover,292795
Eric Roberts,36165
James Earl Jones,57479
Charles Lane,98125
Donald Sutherland,102812
John Carradine,29342
James Earl Jones,171429
Malcolm McDowell,253344
Robert De Niro,257211
M. Emmet Walsh,142402
Irving Bacon,130374
Nicolas Cage,277546
Susan Sarandon,300667
Robert De Niro,214137
Samuel L. Jackson,66799
Donald Sutherland,65431
Bess Flowers,33754
Malcolm McDowell,137984
Christopher Lee,20435
John Hurt,13204
Irving Bacon,23280
John Hurt,130296
Max von Sydow,105687
Frank Welker,23903
John Leguizamo,261392
Willem Dafoe,283700
Christopher Lloyd,135579
Susan Sarandon,268917
Robert De Niro,274479
Harvey Keitel,109610
Eric Roberts,100024
Michael Caine,107076
Harry Dean Stanton,189723
Bess Flowers,180114
Bess Flowers,198143
Anthony Quinn,66568
Michael Caine,72639
Anthony Quinn,72639
Frank Welker,12448
Dennis Hopper,54040
Ward Bond,198204
Dennis Hopper,88737
Charles Lane,357130
Vincent Price,357935
Anthony Quinn,152787
Christopher Walken,37923
Frank Welker,46963
Liam Neeson,283161
Bess Flowers,242115
Malcolm McDowell,258255
Gérard Depardieu,162383
Keenan Wynn,215302
Christopher Lee,28058
James Franco,296100
Steve Buscemi,284294
Bess Flowers,43457
James Franco,157843
Nicolas Cage,290637
Christopher Plummer,72850
Keenan Wynn,87706
Bess Flowers,27114
Bess Flowers,27114
Keenan Wynn,17874
Steve Buscemi,159824
Danny Trejo,24094
Christopher Lloyd,36550
James Earl Jones,36550
James Franco,309809
Danny Trejo,362046
Max von Sydow,72785
Liam Neeson,68730
Danny Trejo,323792
Eric Roberts,323792
Bess Flowers,217185
Brian Cox,172577
John Turturro,315872
Anthony Quinn,106224
Malcolm McDowell,214717
Eric Roberts,46713
Alec Baldwin,334328
John Goodman,334328
James Franco,316761
Danny Trejo,285844
Jackie Chan,247954
Jackie Chan,10257
Jackie Chan,25626
John Leguizamo,328869
Christopher Lloyd,330127
Eric Roberts,157422
Irving Bacon,3936
Christopher Lloyd,47761
Susan Sarandon,345323
Bruce Willis,253414
Morgan Freeman,346808
Dennis Hopper,18447
Christopher Lee,99708
Danny Trejo,59333
Christopher Lee,329020
Liam Neeson,58207
John Carradine,92804
Samuel L. Jackson,45147
James Franco,287636
John Goodman,294016
Anthony Quinn,57578
Christopher Lloyd,51485
Alec Baldwin,321741
Gérard Depardieu,271331
Susan Sarandon,20863
Eric Roberts,20863
Anthony Quinn,38362
Alec Baldwin,267831
Irving Bacon,174278
John Leguizamo,367326
Eric Roberts,170752
Robert De Niro,336004
Harvey Keitel,211166
John Turturro,211166
Danny Glover,276536
Gérard Depardieu,198511
Gérard Depardieu,24260
John Goodman,333348
Susan Sarandon,337751
Christopher Lee,4228
Gérard Depardieu,167364
Whoopi Goldberg,119694
Bruce Willis,132542
Harry Dean Stanton,60199
Eric Roberts,252189
Christopher Walken,27350
Frank Welker,268092
Christopher Walken,56718
John Goodman,219466
Christopher Lee,27112
Michael Caine,32665
Willem Dafoe,210293
Bess Flowers,94251
Ward Bond,31770
Eric Roberts,171277
Keenan Wynn,105098
Whoopi Goldberg,17007
Christopher Walken,134743
Susan Sarandon,134743
John Wayne,128899
John Carradine,111570
Danny Trejo,298026
Samuel L. Jackson,340275
Christopher Plummer,216983
Max von Sydow,218275
Steve Buscemi,347969
Danny Trejo,347969
Harvey Keitel,347969
John Turturro,347969
Malcolm McDowell,182843
Bruce Willis,326425
Susan Sarandon,329833
James Earl Jones,359983
Donald Sutherland,74057
Harry Dean Stanton,75808
Christopher Lloyd,75808
Keith David,79781
Vincent Price,229056
James Franco,83728
John Leguizamo,266294
Christopher Lloyd,363486
Jackie Chan,140300
Danny Trejo,342927
John Hurt,337075
Donald Sutherland,281291
Christopher Walken,282879
Charles Lane,99729
John Wayne,99729
Eric Roberts,337208
Eric Roberts,49172
Anthony Quinn,74436
Susan Sarandon,336313
Max von Sydow,39436
Charles Lane,43856
Danny Glover,362703
Robert De Niro,361671
Christopher Lee,3025
Ward Bond,106495
Bess Flowers,116712
Frank Welker,79500
Keith David,211845
Samuel L. Jackson,67083
Christopher Walken,319888
Whoopi Goldberg,353378
Keith David,291851
John Carradine,119586
Charles Lane,111561
Susan Sarandon,340357
Robert De Niro,291870
Danny Glover,291870
Bruce Willis,136296
Morgan Freeman,136296
John Turturro,333888
John Goodman,333371
Morgan Freeman,267860
John Carradine,29114
Donald Sutherland,324978
Vincent Price,92060
John Carradine,257081
Ward Bond,257081
Charles Lane,228647
Max von Sydow,377853
Gérard Depardieu,337107
Eric Roberts,27674
Danny Glover,340881
Donald Sutherland,354110
Brian Cox,354110
Gérard Depardieu,65719
Gérard Depardieu,4747
Max von Sydow,105254
Stellan Skarsgård,140278
M. Emmet Walsh,16159
John Carradine,185495
Susan Sarandon,150578
Dennis Hopper,126563
Gérard Depardieu,4680
Brian Cox,54560
Eric Roberts,52088
Danny Trejo,24235
Dennis Hopper,24235
Steve Buscemi,24235
Christopher Plummer,302528
James Franco,291871
John Goodman,97400
Irving Bacon,3938
Charles Lane,3938
Willem Dafoe,210302
Willem Dafoe,208091
Morgan Freeman,34158
Danny Glover,34158
John Leguizamo,387893
Bess Flowers,116500
Donald Sutherland,81670
Bess Flowers,33482
John Goodman,336775
Liam Neeson,290595
Charles Lane,29829
Nicolas Cage,301608
Keenan Wynn,99374
Bess Flowers,153161
Danny Trejo,298032
Max von Sydow,168976
Bruce Willis,85693
John Leguizamo,345874
Christopher Walken,322240
Stellan Skarsgård,205588
Willem Dafoe,127380
Bruce Willis,384737
James Franco,347938
Susan Sarandon,109453
Nicolas Cage,302401
John Goodman,234004
Frank Welker,44157
Dennis Hopper,59126
Jackie Chan,107248
Susan Sarandon,388055
Michael Caine,54316
Keith David,290250
John Hurt,97481
Christopher Walken,291264
Charles Lane,118889
Bess Flowers,39943
John Carradine,164479
Robert De Niro,122800
Jackie Chan,13099
Keenan Wynn,126760
John Wayne,126760
James Franco,223702
Malcolm McDowell,122293
Alec Baldwin,80520
Susan Sarandon,337154
Morgan Freeman,291805
Michael Caine,291805
Dennis Hopper,299782
Malcolm McDowell,5654
Jackie Chan,44645
John Hurt,69471
Donald Pleasence,4546
Eric Roberts,135652
Keith David,135652
Whoopi Goldberg,24793
Jackie Chan,40863
Michael Caine,37237
Ward Bond,30665
Alec Baldwin,395883
Danny Glover,395883
Eric Roberts,353610
Samuel L. Jackson,168098
Danny Glover,356334
Danny Glover,373476
James Franco,399747
Ward Bond,94811
Keenan Wynn,79192
Frank Welker,263945
Samuel L. Jackson,258489
John Leguizamo,278154
James Franco,337874
Bruce Willis,359412
Max von Sydow,58430
James Franco,274504
James Earl Jones,24678
Keith David,385031
John Leguizamo,325789
Alec Baldwin,368596
Danny Glover,368596
Christopher Lee,28073
Danny Trejo,298028
Danny Trejo,397873
Danny Trejo,403232
Danny Glover,225776
Bess Flowers,190163
Christopher Lee,42591
Christopher Lee,12602
Christopher Lee,42717
Christopher Lee,185752
Christopher Lee,109636
Christopher Lee,165644
Christopher Lee,101185
Christopher Lee,29924
Christopher Lee,387444
Christopher Lee,79106
Christopher Lee,108432
Christopher Lee,35165
Christopher Lee,165401
Christopher Lee,18560
Christopher Lee,24057
Christopher Lee,73772
Christopher Lee,38622
Stellan Skarsgård,48995
Brian Cox,158741
Gérard Depardieu,62009
Anthony Quinn,43035
James Franco,390584
Alec Baldwin,282040
John Wayne,40717
Christopher Lloyd,382079
Gérard Depardieu,64133
Keenan Wynn,184799
James Earl Jones,149320
Anthony Quinn,149320
Keenan Wynn,177474
Stellan Skarsgård,47397
Jackie Chan,270774
Bess Flowers,36375
Charles Lane,172104
Irving Bacon,247773
Bess Flowers,247773
Brian Cox,377264
Samuel L. Jackson,283366
Eric Roberts,317930
Liam Neeson,407887
Harvey Keitel,407518
Christopher Lloyd,270851
Christopher Lloyd,381034
Stellan Skarsgård,125926
Stellan Skarsgård,105734
Stellan Skarsgård,139195
Stellan Skarsgård,162818
Stellan Skarsgård,197528
Stellan Skarsgård,128900
Stellan Skarsgård,119769
Stellan Skarsgård,228432
Stellan Skarsgård,136238
Stellan Skarsgård,34527
Stellan Skarsgård,125882
Max von Sydow,125882
Stellan Skarsgård,22615
Max von Sydow,57500
Stellan Skarsgård,57500
Stellan Skarsgård,78098
Malcolm McDowell,316784
Robert De Niro,184341
John Turturro,184341
Eric Roberts,62726
Ward Bond,44173
Vincent Price,44868
Bess Flowers,413232
Irving Bacon,108220
Charles Lane,96700
Charles Lane,128669
Anthony Quinn,74130
Irving Bacon,285400
Bess Flowers,43500
Danny Glover,386501
Danny Glover,321530
Danny Trejo,406052
John Turturro,196469
Christopher Lloyd,409696
Irving Bacon,179272
Irving Bacon,179272
Nicolas Cage,340945
Whoopi Goldberg,391698
Malcolm McDowell,284564
Liam Neeson,258230
Danny Trejo,332210
Steve Buscemi,409536
M. Emmet Walsh,34745
Charles Lane,73823
Jackie Chan,377447
John Wayne,42782
Malcolm McDowell,5764
Eric Roberts,374515
Eric Roberts,414610
John Carradine,28425
Vincent Price,52949
Vincent Price,285814
Keenan Wynn,43022
Malcolm McDowell,46718
Brian Cox,397243
Danny Glover,340402
Danny Glover,333665
Christopher Plummer,48406
John Wayne,189682
Irving Bacon,130507
Ward Bond,26776
Bess Flowers,81178
Samuel L. Jackson,259910
Nicolas Cage,336445
Gérard Depardieu,358725
Dennis Hopper,57664
Nicolas Cage,354979
Willem Dafoe,354979
Bess Flowers,148766
Charles Lane,125578
John Hurt,376866
James Earl Jones,330459
Bruce Willis,381288
Alec Baldwin,291328
John Hurt,25021
Christopher Lee,137619
Gérard Depardieu,60254
Willem Dafoe,311324
James Franco,356305
James Franco,229065
Samuel L. Jackson,411019
Danny Glover,380731
Bess Flowers,194310
Christopher Plummer,261439
Michael Caine,261439
Donald Sutherland,261439
John Goodman,388399
Donald Sutherland,48918
Danny Glover,262841
Max von Sydow,12911
Samuel L. Jackson,47971
Jackie Chan,383785
Malcolm McDowell,401544
James Franco,328796
John Carradine,35992
John Leguizamo,362202
John Leguizamo,324552
Samuel L. Jackson,293167
John Goodman,293167
Eric Roberts,201430
Harvey Keitel,19761
Bess Flowers,242835
Gérard Depardieu,18955
Gérard Depardieu,72822
Alec Baldwin,295693
Steve Buscemi,295693
Jackie Chan,417321
John Leguizamo,262982
Whoopi Goldberg,407588
Eric Roberts,343018
James Franco,337844
Robert Duvall,337844
Susan Sarandon,410661
Danny Glover,272820
Stellan Skarsgård,371504
James Franco,416166
Eric Roberts,416166
Samuel L. Jackson,140465
James Franco,126889
Donald Sutherland,410694
Danny Trejo,419747
Nicolas Cage,388202
Brian Cox,1848
Dennis Hopper,30999
James Earl Jones,18500
Morgan Freeman,353070
Michael Caine,353070
Christopher Lloyd,353070
John Wayne,40577
James Earl Jones,42242
Nicolas Cage,397415
Gérard Depardieu,21778
Susan Sarandon,322487
Danny Glover,333354
John Leguizamo,394770
Alec Baldwin,15314
Malcolm McDowell,315467
James Earl Jones,56385
Charles Lane,56385
Irving Bacon,28753
Danny Trejo,46360
Robin Williams,21586
Donald Sutherland,38629
Christopher Lee,38629
Danny Trejo,54471
Whoopi Goldberg,27631
Robin Williams,27631
John Turturro,39348
Steve Buscemi,369697
Robin Williams,20211
John Leguizamo,98857
Keith David,402976
Danny Trejo,402976
Bess Flowers,218213
John Carradine,132597
Robert De Niro,369524
Harvey Keitel,369524
Christopher Lloyd,256109
Gérard Depardieu,51191
John Goodman,16331
Danny Trejo,139300
Willem Dafoe,375183
Alec Baldwin,375867
Robert De Niro,363992
Alec Baldwin,17210
Gérard Depardieu,14650
Brian Cox,68954
Brian Cox,64502
James Earl Jones,66706
John Carradine,31123
Bess Flowers,43312
M. Emmet Walsh,19221
Liam Neeson,447061
John Goodman,339964
Brian Cox,70133
Malcolm McDowell,328407
Gérard Depardieu,14644
Gérard Depardieu,30163
Keith David,2791
Eric Roberts,7298
John Hurt,408616
Danny Trejo,456098
Anthony Quinn,43464
Willem Dafoe,406990
James Earl Jones,46898
John Goodman,341013
Michael Caine,33175
Christopher Plummer,339987
Michael Caine,374720
Eric Roberts,434758
Bruce Willis,345915
John Goodman,345915
John Turturro,335988
John Goodman,335988
Steve Buscemi,335988
Frank Welker,335988
Brian Cox,399790
Stellan Skarsgård,436352
Irving Bacon,204997
Nicolas Cage,433630
Christopher Plummer,101538
Danny Glover,458506
Whoopi Goldberg,464207
John Leguizamo,21044
John Turturro,419459
Bruce Willis,410554
Alec Baldwin,407803
Steve Buscemi,43656
Danny Trejo,43656
Christopher Lee,28669
Vincent Price,39164
Christopher Lee,39164
John Carradine,39164
Christopher Lee,173874
Christopher Lee,71016
John Leguizamo,18098
John Carradine,84710
